-- MySQL dump 10.13  Distrib 8.0.23, for Win64 (x86_64)
--
-- Host: localhost    Database: vk2
-- ------------------------------------------------------
-- Server version	8.0.23

/*!40101 SET @OLD_CHARACTER_SET_CLIENT=@@CHARACTER_SET_CLIENT */;
/*!40101 SET @OLD_CHARACTER_SET_RESULTS=@@CHARACTER_SET_RESULTS */;
/*!40101 SET @OLD_COLLATION_CONNECTION=@@COLLATION_CONNECTION */;
/*!50503 SET NAMES utf8mb4 */;
/*!40103 SET @OLD_TIME_ZONE=@@TIME_ZONE */;
/*!40103 SET TIME_ZONE='+00:00' */;
/*!40014 SET @OLD_UNIQUE_CHECKS=@@UNIQUE_CHECKS, UNIQUE_CHECKS=0 */;
/*!40014 SET @OLD_FOREIGN_KEY_CHECKS=@@FOREIGN_KEY_CHECKS, FOREIGN_KEY_CHECKS=0 */;
/*!40101 SET @OLD_SQL_MODE=@@SQL_MODE, SQL_MODE='NO_AUTO_VALUE_ON_ZERO' */;
/*!40111 SET @OLD_SQL_NOTES=@@SQL_NOTES, SQL_NOTES=0 */;

--
-- Table structure for table `communities`
--

DROP TABLE IF EXISTS `communities`;
/*!40101 SET @saved_cs_client     = @@character_set_client */;
/*!50503 SET character_set_client = utf8mb4 */;
CREATE TABLE `communities` (
  `id` int unsigned NOT NULL AUTO_INCREMENT COMMENT 'Идентификатор сроки',
  `name` varchar(150) CHARACTER SET utf8mb4 COLLATE utf8mb4_unicode_ci NOT NULL COMMENT 'Название группы',
  `created_at` datetime DEFAULT CURRENT_TIMESTAMP COMMENT 'Время создания строки',
  `updated_at` datetime DEFAULT CURRENT_TIMESTAMP ON UPDATE CURRENT_TIMESTAMP COMMENT 'Время обновления строки',
  PRIMARY KEY (`id`),
  UNIQUE KEY `name` (`name`)
) ENGINE=InnoDB AUTO_INCREMENT=101 DEFAULT CHARSET=utf8mb4 COLLATE=utf8mb4_unicode_ci COMMENT='Группы';
/*!40101 SET character_set_client = @saved_cs_client */;

--
-- Dumping data for table `communities`
--

LOCK TABLES `communities` WRITE;
/*!40000 ALTER TABLE `communities` DISABLE KEYS */;
INSERT INTO `communities` VALUES (1,'omnis','1993-06-16 11:12:20','1976-06-11 00:20:32'),(2,'officia','1971-05-08 20:08:24','2005-04-20 22:15:09'),(3,'eos','1987-05-31 22:27:39','2007-09-16 17:26:05'),(4,'at','1979-02-22 02:56:02','2013-04-01 07:06:23'),(5,'ad','2004-06-07 02:51:40','2013-03-24 20:30:51'),(6,'aut','2014-12-02 22:33:05','1991-04-05 20:00:53'),(7,'aliquid','2005-11-09 23:14:55','2005-02-11 05:51:00'),(8,'quo','1972-01-16 07:12:11','1978-08-11 06:46:13'),(9,'ratione','2002-09-21 14:07:52','2009-12-06 02:04:22'),(10,'autem','1987-12-12 17:15:20','1997-12-09 08:37:10'),(11,'sunt','1987-05-02 01:55:29','1991-10-14 01:03:39'),(12,'beatae','2019-03-04 09:06:28','2019-11-30 01:48:52'),(13,'facere','1996-01-01 05:06:31','1988-05-07 11:44:04'),(14,'laudantium','2010-08-13 15:27:41','2015-10-29 22:25:23'),(15,'accusamus','2020-11-11 06:24:46','2010-06-07 21:20:38'),(16,'et','1990-03-28 15:02:13','2008-10-25 03:24:08'),(17,'laboriosam','2015-01-01 11:47:34','2000-10-29 22:59:22'),(18,'reiciendis','2014-03-07 20:55:14','1979-08-03 05:16:10'),(19,'recusandae','1977-03-21 00:53:40','1974-08-05 09:27:12'),(20,'aliquam','1977-09-30 13:04:31','1977-08-08 15:19:38'),(21,'quibusdam','1975-04-11 12:50:30','1989-02-25 07:18:32'),(22,'natus','2003-05-22 01:45:00','2007-03-14 09:43:23'),(23,'sit','1975-01-04 02:30:37','2014-03-15 06:47:11'),(24,'corporis','2002-11-13 19:28:52','1982-08-28 00:06:51'),(25,'dolore','2015-02-04 11:54:04','1981-12-28 04:21:10'),(26,'quia','1988-09-20 16:51:00','2020-07-12 16:04:03'),(27,'necessitatibus','1996-11-04 11:25:44','2011-11-19 22:46:44'),(28,'nobis','1981-08-20 02:23:43','1989-03-13 21:22:19'),(29,'impedit','1991-09-27 16:17:01','1980-07-07 18:09:34'),(30,'dolorem','2001-08-28 11:13:21','1998-02-23 17:29:15'),(31,'qui','2008-12-14 15:50:41','2012-04-28 20:19:36'),(32,'praesentium','2007-09-25 22:35:26','1977-11-24 12:41:46'),(33,'est','1991-02-09 05:49:49','1987-11-14 17:31:33'),(34,'inventore','1976-01-29 04:27:11','1992-02-08 08:17:57'),(35,'ut','1996-03-08 03:07:32','1983-04-04 22:15:01'),(36,'repudiandae','1993-01-04 22:16:34','1971-05-11 05:49:17'),(37,'rerum','1987-10-13 04:26:48','2018-06-07 01:44:18'),(38,'vel','1985-09-23 11:04:22','2016-02-05 21:27:47'),(39,'laborum','2011-07-21 12:13:34','2016-08-21 02:15:09'),(40,'debitis','1999-02-05 11:12:09','2001-01-29 20:06:18'),(41,'repellat','2001-10-07 19:16:25','1988-01-04 04:11:28'),(42,'illum','2018-06-23 20:47:06','1978-07-13 01:17:39'),(43,'similique','2018-02-25 19:32:21','2001-12-28 20:07:28'),(44,'pariatur','1973-12-14 12:51:55','2006-12-19 01:53:01'),(45,'voluptatibus','1982-11-08 04:46:15','1995-05-25 00:22:41'),(46,'id','1982-03-08 13:04:44','1971-07-01 14:29:12'),(47,'reprehenderit','2015-12-09 07:58:49','2014-09-19 05:23:12'),(48,'illo','2010-12-18 06:12:30','1994-06-01 16:26:09'),(49,'deleniti','1996-02-29 02:11:22','1986-05-24 07:10:05'),(50,'non','2006-12-17 16:40:48','1976-12-02 20:07:55'),(51,'ea','1999-05-23 09:07:31','1973-03-22 01:12:18'),(52,'nam','2017-02-02 13:05:42','1991-12-28 05:24:44'),(53,'eaque','2021-01-02 01:03:11','2007-04-30 05:45:44'),(54,'labore','1988-02-13 19:50:39','1976-05-19 04:47:42'),(55,'soluta','2000-02-21 13:03:37','1984-01-06 16:17:42'),(56,'maxime','2003-12-20 00:53:26','1995-01-02 21:49:39'),(57,'eum','2015-11-19 03:40:51','1976-10-07 22:00:58'),(58,'voluptates','2003-08-06 12:06:13','1994-10-10 21:59:13'),(59,'eligendi','2012-05-10 07:24:49','2000-11-25 21:16:08'),(60,'unde','1998-06-24 19:38:19','1994-03-23 23:18:58'),(61,'veniam','1972-12-14 02:44:29','1989-01-17 21:27:32'),(62,'esse','1982-01-20 22:17:53','2019-10-16 13:12:04'),(63,'quod','1973-01-15 03:08:29','2008-10-06 03:16:13'),(64,'perferendis','2007-06-09 10:46:53','2017-08-09 23:05:23'),(65,'tempore','1971-07-02 18:18:28','2013-03-28 04:16:23'),(66,'placeat','1994-12-03 04:21:16','1973-06-29 04:38:08'),(67,'aperiam','1990-04-18 19:32:24','2016-12-08 22:47:58'),(68,'earum','1971-12-14 10:49:07','1995-06-21 03:40:22'),(69,'quas','1978-03-19 11:11:43','1970-08-02 00:32:47'),(70,'error','2001-01-10 05:16:55','2016-01-21 00:26:56'),(71,'consequatur','1974-10-20 15:41:49','2015-07-28 14:14:43'),(72,'consequuntur','2010-01-15 02:29:13','1982-08-13 11:03:49'),(73,'quaerat','1987-08-26 18:24:36','1980-09-15 01:14:03'),(74,'repellendus','1998-11-10 06:54:06','1978-09-23 03:15:40'),(75,'amet','2007-10-18 14:16:20','1992-02-24 05:06:22'),(76,'nemo','2006-08-11 08:46:22','2006-12-02 11:09:47'),(77,'odio','1994-06-05 14:26:28','1995-01-16 22:10:15'),(78,'optio','2003-10-22 02:04:01','1976-03-17 06:48:08'),(79,'maiores','1990-09-16 12:03:19','1980-04-11 22:37:17'),(80,'porro','1984-06-20 20:34:06','1998-12-15 13:41:58'),(81,'sequi','2018-07-01 12:03:44','1977-04-09 01:46:03'),(82,'animi','1992-03-20 08:05:18','2000-02-19 07:21:20'),(83,'alias','1997-03-14 20:38:22','1973-05-01 09:15:45'),(84,'fugiat','1994-09-27 16:11:46','1971-12-23 01:29:09'),(85,'cupiditate','1981-04-11 20:31:16','1989-11-26 10:49:14'),(86,'officiis','2006-02-21 16:54:40','1986-12-30 08:20:33'),(87,'magni','2001-04-12 18:11:47','2002-03-24 13:49:23'),(88,'quam','2012-03-09 02:59:48','1973-05-02 07:57:14'),(89,'vero','2011-01-12 07:30:03','2010-07-28 10:18:44'),(90,'dolorum','2019-05-28 01:39:16','1995-06-10 12:06:36'),(91,'voluptatem','2006-11-02 21:20:56','1972-12-21 20:40:25'),(92,'quasi','1977-03-27 16:01:30','2017-04-13 09:44:45'),(93,'ipsam','2010-05-20 08:17:34','1971-09-13 01:53:18'),(94,'distinctio','2012-11-10 05:46:50','2012-02-02 21:12:52'),(95,'voluptas','2005-03-31 05:03:06','2016-06-02 17:03:05'),(96,'enim','2016-10-23 14:41:33','2004-08-24 09:57:10'),(97,'velit','1985-02-07 17:28:22','2014-06-16 13:07:28'),(98,'eveniet','2009-06-16 20:39:37','1983-01-15 08:48:40'),(99,'ab','1976-11-05 16:37:05','2012-04-08 14:55:33'),(100,'odit','1989-07-28 08:21:10','2014-01-17 17:21:27');
/*!40000 ALTER TABLE `communities` ENABLE KEYS */;
UNLOCK TABLES;

--
-- Table structure for table `communities_users`
--

DROP TABLE IF EXISTS `communities_users`;
/*!40101 SET @saved_cs_client     = @@character_set_client */;
/*!50503 SET character_set_client = utf8mb4 */;
CREATE TABLE `communities_users` (
  `community_id` int unsigned NOT NULL COMMENT 'Ссылка на группу',
  `user_id` int unsigned NOT NULL COMMENT 'Ссылка на пользователя',
  `created_at` datetime DEFAULT CURRENT_TIMESTAMP COMMENT 'Время создания строки',
  PRIMARY KEY (`community_id`,`user_id`) COMMENT 'Составной первичный ключ'
) ENGINE=InnoDB DEFAULT CHARSET=utf8mb4 COLLATE=utf8mb4_unicode_ci COMMENT='Участники групп, связь между пользователями и группами';
/*!40101 SET character_set_client = @saved_cs_client */;

--
-- Dumping data for table `communities_users`
--

LOCK TABLES `communities_users` WRITE;
/*!40000 ALTER TABLE `communities_users` DISABLE KEYS */;
INSERT INTO `communities_users` VALUES (1,1,'2005-02-11 19:20:14'),(2,2,'1980-01-28 23:21:27'),(3,3,'2014-08-11 20:23:13'),(4,4,'1970-02-13 03:32:29'),(5,5,'2009-04-26 20:28:08'),(6,6,'1996-02-15 20:53:24'),(7,7,'2015-08-25 20:52:45'),(8,8,'1999-03-28 19:18:57'),(9,9,'1987-07-05 05:41:19'),(10,10,'1975-03-25 04:58:46'),(11,11,'2006-09-03 19:00:08'),(12,12,'2011-11-04 01:11:03'),(13,13,'1972-04-30 00:24:01'),(14,14,'1995-02-10 02:08:36'),(15,15,'2019-01-12 20:47:56'),(16,16,'2013-12-31 12:16:44'),(17,17,'2019-01-10 09:49:38'),(18,18,'2016-11-03 00:14:39'),(19,19,'1972-09-18 20:31:59'),(20,20,'1994-12-16 16:29:05'),(21,21,'2020-02-16 18:48:00'),(22,22,'1995-11-23 08:13:51'),(23,23,'1984-04-28 20:55:54'),(24,24,'2005-04-20 11:57:18'),(25,25,'1999-02-25 03:27:58'),(26,26,'1998-10-23 20:55:41'),(27,27,'2005-12-13 09:03:01'),(28,28,'2001-08-05 00:51:54'),(29,29,'1990-09-27 18:38:07'),(30,30,'2009-05-30 18:44:42'),(31,31,'1997-03-08 10:55:05'),(32,32,'1987-12-03 05:55:15'),(33,33,'1970-09-17 13:22:22'),(34,34,'2013-06-25 10:28:27'),(35,35,'1984-03-04 07:15:03'),(36,36,'2006-11-23 20:42:58'),(37,37,'1977-04-24 15:22:19'),(38,38,'2012-10-17 04:08:01'),(39,39,'2003-04-30 21:27:45'),(40,40,'1976-04-08 15:15:22'),(41,41,'2011-01-06 07:04:42'),(42,42,'1986-08-09 15:11:37'),(43,43,'2007-05-03 11:31:21'),(44,44,'2000-12-14 08:03:29'),(45,45,'2004-12-24 18:22:08'),(46,46,'2007-12-14 21:22:54'),(47,47,'2003-10-24 15:09:09'),(48,48,'1997-05-02 03:45:44'),(49,49,'1997-01-17 19:38:58'),(50,50,'2001-01-26 18:03:02'),(51,51,'1971-06-03 14:52:25'),(52,52,'2006-12-01 23:43:56'),(53,53,'1978-08-19 19:53:28'),(54,54,'2002-07-18 23:15:13'),(55,55,'2008-01-27 11:50:53'),(56,56,'2003-02-18 09:31:46'),(57,57,'1994-07-16 11:41:44'),(58,58,'1984-09-10 07:09:32'),(59,59,'1999-08-28 21:41:43'),(60,60,'1978-10-14 04:26:57'),(61,61,'1973-04-06 02:14:53'),(62,62,'1994-12-23 14:08:48'),(63,63,'2008-03-31 22:15:35'),(64,64,'2000-03-24 02:19:21'),(65,65,'2019-03-18 16:44:36'),(66,66,'1970-01-30 16:47:43'),(67,67,'2000-09-23 08:53:12'),(68,68,'2011-09-26 14:17:27'),(69,69,'2016-05-14 14:43:55'),(70,70,'1979-07-09 16:48:20'),(71,71,'1972-07-18 22:04:45'),(72,72,'2004-10-23 04:34:52'),(73,73,'1992-05-25 02:11:38'),(74,74,'1993-09-15 04:50:36'),(75,75,'1998-08-22 13:33:14'),(76,76,'1996-09-20 12:14:01'),(77,77,'2005-08-16 08:12:54'),(78,78,'1987-09-02 04:21:00'),(79,79,'1978-06-23 01:58:38'),(80,80,'1995-06-02 22:49:21'),(81,81,'1985-04-29 19:40:13'),(82,82,'2011-12-07 04:58:42'),(83,83,'1989-01-17 22:04:01'),(84,84,'1990-05-10 22:46:46'),(85,85,'1993-07-12 11:15:02'),(86,86,'1985-02-01 15:46:11'),(87,87,'2003-09-23 23:23:18'),(88,88,'1991-05-08 02:03:16'),(89,89,'2006-07-06 08:02:35'),(90,90,'1995-01-08 07:32:54'),(91,91,'1989-04-15 02:07:29'),(92,92,'1992-03-07 12:03:10'),(93,93,'2021-01-26 20:06:22'),(94,94,'2003-04-16 14:41:36'),(95,95,'1987-07-30 03:27:57'),(96,96,'1985-10-07 22:14:28'),(97,97,'1981-03-06 09:44:50'),(98,98,'1992-09-10 10:34:47'),(99,99,'1983-06-16 07:55:32'),(100,100,'1972-10-08 03:10:07');
/*!40000 ALTER TABLE `communities_users` ENABLE KEYS */;
UNLOCK TABLES;

--
-- Table structure for table `friendship`
--

DROP TABLE IF EXISTS `friendship`;
/*!40101 SET @saved_cs_client     = @@character_set_client */;
/*!50503 SET character_set_client = utf8mb4 */;
CREATE TABLE `friendship` (
  `user_id` int unsigned NOT NULL COMMENT 'Ссылка на инициатора дружеских отношений',
  `friend_id` int unsigned NOT NULL COMMENT 'Ссылка на получателя приглашения дружить',
  `friendship_status_id` int unsigned NOT NULL COMMENT 'Ссылка на статус (текущее состояние) отношений',
  `requested_at` datetime DEFAULT CURRENT_TIMESTAMP COMMENT 'Время отправления приглашения дружить',
  `confirmed_at` datetime DEFAULT NULL COMMENT 'Время подтверждения приглашения',
  `created_at` datetime DEFAULT CURRENT_TIMESTAMP COMMENT 'Время создания строки',
  `updated_at` datetime DEFAULT CURRENT_TIMESTAMP ON UPDATE CURRENT_TIMESTAMP COMMENT 'Время обновления строки',
  PRIMARY KEY (`user_id`,`friend_id`) COMMENT 'Составной первичный ключ'
) ENGINE=InnoDB DEFAULT CHARSET=utf8mb4 COLLATE=utf8mb4_unicode_ci COMMENT='Таблица дружбы';
/*!40101 SET character_set_client = @saved_cs_client */;

--
-- Dumping data for table `friendship`
--

LOCK TABLES `friendship` WRITE;
/*!40000 ALTER TABLE `friendship` DISABLE KEYS */;
INSERT INTO `friendship` VALUES (1,1,1,'1984-03-07 00:32:41','1978-03-17 20:33:41','2009-06-09 17:52:00','1971-08-08 14:49:03'),(2,2,2,'1999-07-29 21:57:11','1983-03-14 18:07:13','2013-09-04 05:01:55','2001-05-09 12:44:41'),(3,3,3,'1970-12-06 18:06:20','1990-08-28 10:50:20','1980-09-18 17:32:28','1973-06-14 07:57:31'),(4,4,4,'1994-04-13 20:49:48','2008-11-09 12:00:04','1985-02-14 08:00:36','1978-11-11 17:11:02'),(5,5,5,'1992-01-27 11:49:11','1999-01-20 06:23:49','1996-07-21 10:21:04','1996-10-25 08:37:10'),(6,6,6,'1991-10-29 03:05:34','1978-09-23 02:41:32','1990-10-30 22:03:28','2008-03-28 10:05:29'),(7,7,7,'1975-11-04 09:40:40','2014-02-01 13:38:55','1988-12-22 10:09:15','2014-04-29 06:44:21'),(8,8,8,'2006-05-24 23:15:36','1973-10-04 11:48:33','1993-04-19 10:51:19','1991-12-12 14:49:24'),(9,9,9,'1982-04-24 07:45:46','2020-09-26 23:15:28','2013-06-23 03:15:46','1979-11-01 15:40:06'),(10,10,10,'1995-02-27 21:05:21','1994-01-28 02:24:30','2001-04-04 23:45:27','2003-10-16 04:24:10'),(11,11,11,'1974-06-29 04:22:52','2010-01-14 00:04:40','1988-01-06 03:54:53','1972-06-07 10:04:14'),(12,12,12,'1989-03-10 20:30:49','2000-04-13 11:56:42','1987-07-15 18:36:25','1975-05-29 08:36:15'),(13,13,13,'1994-07-02 16:52:18','2021-02-28 18:52:36','1986-08-06 04:29:06','2020-03-21 03:47:50'),(14,14,14,'1991-09-08 10:48:32','1978-01-11 08:52:38','2010-05-06 01:53:06','1988-05-20 03:21:41'),(15,15,15,'1975-07-31 21:00:25','1997-07-26 05:42:04','2002-11-26 20:01:29','1991-10-18 19:34:19'),(16,16,16,'1971-06-20 17:16:38','2015-04-01 22:25:54','1987-09-06 12:45:46','1980-07-15 08:47:37'),(17,17,17,'2017-06-01 19:58:45','2012-12-25 10:14:03','1973-05-31 00:08:48','1989-03-28 05:30:44'),(18,18,18,'1998-07-17 02:58:05','1972-06-18 00:10:53','1971-10-11 20:59:08','2016-07-12 13:13:51'),(19,19,19,'2006-01-23 01:54:36','1977-12-20 11:50:49','2001-04-26 11:07:07','2009-04-06 05:23:56'),(20,20,20,'1982-10-09 15:48:35','2015-03-06 06:05:05','1972-05-18 17:00:49','1974-06-23 02:21:05'),(21,21,21,'1999-06-04 08:56:06','1971-02-16 22:11:59','1978-12-26 15:01:21','1991-12-19 16:19:01'),(22,22,22,'2017-01-19 08:56:40','2002-05-15 02:18:28','2019-12-23 05:20:50','1978-05-11 07:25:04'),(23,23,23,'2014-09-13 16:42:55','1992-12-06 04:43:56','1988-10-17 11:46:08','1977-02-06 12:42:08'),(24,24,24,'1990-03-27 23:51:42','1978-01-21 23:43:00','1975-04-02 12:16:52','2019-12-26 20:57:38'),(25,25,25,'2008-06-24 08:16:04','1981-03-27 22:25:22','1975-06-02 01:47:04','1973-08-27 13:05:44'),(26,26,26,'1980-03-10 05:40:38','1977-06-29 03:06:20','1983-01-02 01:23:13','2011-07-11 00:35:04'),(27,27,27,'1978-02-13 00:38:43','1997-03-09 09:13:10','2006-07-25 10:34:06','2007-04-10 11:58:24'),(28,28,28,'2005-06-30 23:56:18','2005-06-07 15:35:00','2010-03-19 06:54:46','1991-03-12 13:29:30'),(29,29,29,'2010-07-16 09:26:14','2007-02-02 23:00:37','1973-09-08 20:34:04','1985-08-14 09:09:18'),(30,30,30,'1989-11-30 05:27:16','2013-12-15 05:08:12','1999-09-22 02:11:55','1972-02-25 20:30:58'),(31,31,31,'2020-08-23 20:43:46','2016-04-21 17:04:43','1987-05-27 04:56:05','2005-12-09 01:51:26'),(32,32,32,'1988-01-08 03:16:41','1984-12-11 18:12:57','2005-02-27 07:54:35','1985-11-30 23:50:42'),(33,33,33,'2014-08-20 21:04:39','1971-10-24 00:30:55','2005-08-25 22:05:16','2009-07-27 14:10:53'),(34,34,34,'1982-12-15 08:24:13','1989-11-23 14:29:11','1987-07-01 01:40:45','1988-11-16 01:52:05'),(35,35,35,'2004-12-07 01:01:52','1996-09-28 12:57:50','1980-10-16 05:45:39','1985-08-04 22:06:28'),(36,36,36,'2005-03-24 17:04:43','2013-01-03 19:43:23','2005-09-01 17:10:24','2009-06-30 02:00:45'),(37,37,37,'1991-08-27 18:09:22','2018-12-29 11:48:51','2004-05-31 23:56:45','1996-02-26 06:17:29'),(38,38,38,'2005-10-27 15:24:32','1985-05-25 17:36:44','1992-10-01 14:13:07','1977-06-13 13:28:08'),(39,39,39,'2004-05-16 09:20:51','1996-06-17 21:26:22','1992-08-17 03:53:18','1991-08-31 03:11:31'),(40,40,40,'1972-03-21 09:54:39','2004-04-06 05:35:04','2008-05-13 18:39:13','1980-03-31 23:11:33'),(41,41,41,'1981-04-06 18:20:20','2019-01-07 15:20:54','2000-12-29 05:01:01','1992-04-23 07:45:54'),(42,42,42,'1972-03-27 13:01:14','2005-05-03 07:24:26','1978-11-10 17:03:00','2015-02-13 17:20:32'),(43,43,43,'1973-03-16 11:05:13','1980-08-14 21:24:20','1993-08-09 03:24:18','2006-07-21 23:45:00'),(44,44,44,'2012-02-09 06:12:48','2018-01-27 21:34:53','1978-11-11 17:15:20','1981-10-05 02:17:39'),(45,45,45,'1995-12-13 10:33:56','2015-07-01 05:03:21','1996-08-16 09:38:48','1983-07-24 21:38:43'),(46,46,46,'1980-12-15 07:46:14','2010-05-30 19:45:38','2020-09-03 10:16:34','2012-11-23 02:18:47'),(47,47,47,'1989-04-03 11:28:09','2009-01-30 23:00:25','2008-04-04 12:20:24','2006-09-26 17:17:02'),(48,48,48,'2005-06-01 07:01:18','1971-11-13 21:57:49','1993-11-20 01:48:23','1988-05-14 20:24:16'),(49,49,49,'2018-04-21 11:07:46','1980-01-30 01:14:28','2011-01-18 06:36:12','1981-11-21 22:06:34'),(50,50,50,'2007-04-07 16:11:20','1981-01-18 15:09:36','1999-10-01 05:55:36','2007-07-07 02:42:29'),(51,51,51,'2011-08-19 17:02:15','1986-11-25 20:33:47','2018-10-11 04:02:23','1983-09-02 05:58:13'),(52,52,52,'1985-09-09 03:17:42','2008-12-23 15:10:55','1987-09-22 18:32:04','1978-05-18 03:52:41'),(53,53,53,'1989-07-11 23:02:55','2018-05-02 23:28:42','1987-05-25 02:08:42','1978-12-11 03:28:25'),(54,54,54,'2011-08-06 21:02:52','1985-03-31 18:51:29','2010-07-13 04:57:34','1980-08-03 19:01:09'),(55,55,55,'1994-01-08 01:27:46','2014-06-23 15:49:58','1977-05-08 18:18:22','1988-10-10 03:10:28'),(56,56,56,'1993-10-04 03:41:31','1976-08-13 13:18:03','2014-04-08 07:43:29','1976-08-23 07:58:34'),(57,57,57,'1992-01-07 20:00:32','2006-08-19 10:13:33','1993-07-23 06:23:08','2006-12-23 20:54:35'),(58,58,58,'2008-11-13 13:34:14','1971-04-28 08:43:44','2009-02-28 09:22:16','1991-11-13 07:05:30'),(59,59,59,'1981-02-15 19:33:48','2009-10-26 23:07:26','2002-02-04 16:38:54','1993-07-31 09:58:11'),(60,60,60,'1978-09-10 12:17:43','1983-06-13 22:29:06','1977-01-20 21:44:53','1992-01-17 01:11:22'),(61,61,61,'2016-07-08 03:52:40','1998-03-07 19:19:16','2020-05-19 02:54:46','2003-06-20 06:20:23'),(62,62,62,'1998-02-11 13:40:29','2016-04-15 16:14:06','1980-04-09 18:36:47','2020-11-13 11:10:17'),(63,63,63,'2009-10-21 23:48:02','1984-09-28 20:17:33','1995-08-21 06:06:28','2016-03-31 16:46:42'),(64,64,64,'2012-07-06 14:32:39','1994-06-25 09:50:11','2009-12-26 22:04:23','1993-04-23 22:59:08'),(65,65,65,'1973-05-21 00:08:20','1979-02-05 18:42:11','2015-06-21 01:29:26','1987-12-15 13:20:56'),(66,66,66,'2010-10-31 00:44:45','1991-02-16 14:18:10','2019-07-17 12:33:06','1982-02-06 13:12:10'),(67,67,67,'1981-04-21 13:05:15','1984-08-01 04:30:14','1996-12-05 18:12:25','1976-11-20 22:41:18'),(68,68,68,'2012-12-02 11:15:24','2005-08-05 22:26:11','2003-06-02 12:11:19','1985-04-09 22:18:50'),(69,69,69,'2010-02-06 22:57:06','1990-10-27 22:02:55','1974-11-25 00:49:54','2016-05-28 18:30:22'),(70,70,70,'1970-12-17 19:17:35','2006-11-06 18:04:31','1999-06-18 01:10:36','2006-04-13 12:25:03'),(71,71,71,'1994-04-08 22:33:00','2020-06-13 03:46:58','1982-01-28 05:06:52','2004-04-04 23:55:17'),(72,72,72,'2016-12-22 08:46:02','2021-02-24 17:34:58','2002-09-19 20:29:35','2018-03-23 20:35:57'),(73,73,73,'2013-02-14 15:31:14','1984-04-01 06:35:08','1975-12-19 05:29:38','2015-10-06 08:04:28'),(74,74,74,'1990-02-09 19:04:25','2000-04-21 15:09:56','1993-01-04 14:36:59','1990-11-01 06:26:13'),(75,75,75,'2013-01-04 19:52:06','2001-12-14 14:48:48','2009-09-25 10:25:46','1984-06-29 08:24:04'),(76,76,76,'2016-10-18 17:39:26','1984-11-29 19:41:31','1993-10-14 18:33:15','1984-04-27 13:54:21'),(77,77,77,'1970-10-20 07:05:05','2018-03-27 12:22:24','2012-03-10 06:09:07','1977-05-07 01:41:37'),(78,78,78,'2013-12-11 01:05:59','1976-06-16 10:05:28','2012-11-30 00:32:32','1998-04-28 14:09:58'),(79,79,79,'1978-07-22 03:55:21','1972-07-06 07:03:53','1984-12-09 01:48:11','2019-03-25 20:02:58'),(80,80,80,'1989-05-28 10:01:50','2010-03-24 16:10:07','1979-12-11 15:04:17','2020-12-09 09:08:41'),(81,81,81,'2009-01-25 16:34:12','2015-11-29 18:16:50','2018-04-28 00:48:48','1980-11-05 21:28:56'),(82,82,82,'1986-05-15 17:04:26','1974-12-20 00:10:22','1981-10-16 13:47:26','2017-02-20 10:57:38'),(83,83,83,'1987-10-29 17:29:24','2001-08-25 13:15:09','1970-01-25 21:08:30','1978-07-26 10:21:07'),(84,84,84,'2005-11-15 20:27:32','2002-12-18 17:23:04','1980-06-08 03:55:45','2013-05-22 12:48:45'),(85,85,85,'1984-04-19 03:55:07','1985-01-07 14:49:53','1980-11-02 18:35:53','1974-08-24 01:24:09'),(86,86,86,'2006-09-06 13:26:46','1987-12-05 05:14:27','2009-05-25 19:25:52','1989-11-17 04:10:30'),(87,87,87,'1984-09-28 12:52:37','1976-08-15 12:33:23','2015-08-31 13:26:06','1975-09-08 00:33:41'),(88,88,88,'1992-02-28 21:25:35','2013-08-28 10:06:01','1972-07-12 15:30:32','2013-07-28 11:20:04'),(89,89,89,'2008-01-06 01:05:32','1991-01-10 17:34:57','2008-11-20 16:20:10','2021-01-30 01:38:17'),(90,90,90,'2002-04-17 08:57:22','1970-04-22 10:10:58','1994-09-06 13:18:13','1971-09-19 14:13:28'),(91,91,91,'1986-12-02 14:22:31','1982-06-28 09:45:06','2021-01-24 22:49:32','2006-06-30 18:33:33'),(92,92,92,'1975-09-25 07:05:27','1971-12-23 08:05:00','1993-05-15 13:13:08','1973-11-14 05:30:46'),(93,93,93,'1991-05-06 14:18:52','2001-09-21 02:32:00','1972-06-27 21:03:45','2020-08-14 17:40:12'),(94,94,94,'1970-07-02 23:32:33','1997-12-31 23:43:17','1992-06-17 21:42:29','2015-05-18 18:00:46'),(95,95,95,'2003-10-19 06:49:07','2013-07-12 04:22:20','1993-02-02 16:02:44','2014-02-20 16:58:02'),(96,96,96,'2003-01-12 06:14:05','1981-09-13 09:02:02','1981-02-19 04:38:36','1980-05-19 15:56:10'),(97,97,97,'1998-11-10 22:15:41','1980-09-12 03:51:39','1984-06-14 19:41:05','1990-02-19 19:56:07'),(98,98,98,'2010-04-14 21:49:51','1975-08-10 11:18:09','1976-05-10 04:02:26','2010-04-11 21:41:46'),(99,99,99,'1990-02-18 04:53:41','1972-10-18 17:30:00','1985-11-18 11:10:18','1978-06-06 18:35:43'),(100,100,100,'1976-10-31 17:11:43','2014-05-12 16:32:42','1992-04-30 10:09:29','1986-04-16 14:23:01');
/*!40000 ALTER TABLE `friendship` ENABLE KEYS */;
UNLOCK TABLES;

--
-- Table structure for table `friendship_statuses`
--

DROP TABLE IF EXISTS `friendship_statuses`;
/*!40101 SET @saved_cs_client     = @@character_set_client */;
/*!50503 SET character_set_client = utf8mb4 */;
CREATE TABLE `friendship_statuses` (
  `id` int unsigned NOT NULL AUTO_INCREMENT COMMENT 'Идентификатор строки',
  `name` varchar(150) CHARACTER SET utf8mb4 COLLATE utf8mb4_unicode_ci NOT NULL COMMENT 'Название статуса',
  `created_at` datetime DEFAULT CURRENT_TIMESTAMP COMMENT 'Время создания строки',
  `updated_at` datetime DEFAULT CURRENT_TIMESTAMP ON UPDATE CURRENT_TIMESTAMP COMMENT 'Время обновления строки',
  PRIMARY KEY (`id`)
) ENGINE=InnoDB AUTO_INCREMENT=101 DEFAULT CHARSET=utf8mb4 COLLATE=utf8mb4_unicode_ci COMMENT='Статусы дружбы';
/*!40101 SET character_set_client = @saved_cs_client */;

--
-- Dumping data for table `friendship_statuses`
--

LOCK TABLES `friendship_statuses` WRITE;
/*!40000 ALTER TABLE `friendship_statuses` DISABLE KEYS */;
INSERT INTO `friendship_statuses` VALUES (1,'c','1977-10-18 10:48:42','1986-10-20 23:33:52'),(2,'c','1999-11-06 16:15:37','1993-02-13 12:37:18'),(3,'c','1989-01-02 14:21:50','1978-11-02 02:31:30'),(4,'a','1990-05-07 06:53:08','1980-01-11 07:26:13'),(5,'b','1980-01-28 07:52:02','1973-07-03 10:52:56'),(6,'b','2015-03-17 12:19:05','2017-09-12 15:19:04'),(7,'a','2004-03-22 02:18:12','1991-12-07 19:52:27'),(8,'b','1980-05-27 21:20:14','1970-10-01 03:47:57'),(9,'a','1998-12-30 05:21:05','1970-07-26 08:35:09'),(10,'a','1988-10-09 00:24:34','1989-08-18 22:59:53'),(11,'a','1970-09-04 04:29:57','1993-03-21 13:08:15'),(12,'c','1993-07-12 03:07:02','2020-09-02 02:51:24'),(13,'c','1994-01-19 18:40:26','2014-12-27 16:14:01'),(14,'b','1971-11-05 12:43:10','2014-01-03 10:03:30'),(15,'c','1981-02-11 22:13:14','1998-01-05 10:09:55'),(16,'c','2006-06-13 07:19:04','2014-12-27 03:06:42'),(17,'c','1973-11-23 18:26:55','1982-04-03 18:05:42'),(18,'c','2004-07-09 09:26:41','2005-07-14 23:46:15'),(19,'c','2003-07-24 23:52:06','1978-10-15 22:27:08'),(20,'c','1999-02-16 23:51:09','1992-03-11 19:28:19'),(21,'b','1973-06-29 16:43:51','1970-04-06 23:06:11'),(22,'a','2008-06-01 02:14:50','1994-04-10 06:40:12'),(23,'a','1996-05-14 04:08:35','2016-10-10 14:29:13'),(24,'a','2005-07-25 00:37:33','2003-09-02 00:50:20'),(25,'a','1972-10-14 04:33:06','2014-02-26 23:25:57'),(26,'a','2004-07-04 05:26:00','2000-09-03 06:12:16'),(27,'b','1995-03-10 23:58:22','2009-04-26 21:01:40'),(28,'c','2018-08-03 21:51:58','1972-04-10 07:01:46'),(29,'a','2017-11-17 03:56:02','2019-11-17 01:42:05'),(30,'a','2001-05-19 00:36:02','1975-12-17 14:53:46'),(31,'a','1976-11-22 11:09:49','1983-05-19 10:24:37'),(32,'b','2020-07-19 08:14:06','1993-07-23 22:57:32'),(33,'a','2001-03-13 20:56:28','2005-03-12 07:25:59'),(34,'c','2005-08-08 09:53:27','1991-02-02 10:54:16'),(35,'a','1990-03-12 05:38:52','1974-08-24 11:07:44'),(36,'c','2002-08-20 02:22:26','1981-03-30 18:08:51'),(37,'b','1974-05-13 05:43:03','2020-10-18 23:35:20'),(38,'c','2009-03-21 03:39:44','1990-01-24 16:03:12'),(39,'a','1998-04-05 10:57:06','2009-11-22 02:28:14'),(40,'c','1978-08-28 10:18:09','2009-06-15 09:53:00'),(41,'c','2020-04-03 07:18:17','1989-01-07 10:01:00'),(42,'a','1980-04-22 18:10:30','1994-10-20 07:24:59'),(43,'a','1976-04-28 21:20:20','1973-04-10 04:45:41'),(44,'b','1975-12-12 12:31:38','2008-09-18 04:29:39'),(45,'c','1999-01-14 16:56:09','1983-08-04 14:24:36'),(46,'c','2014-04-19 22:16:48','2016-04-13 20:59:15'),(47,'b','1982-06-08 16:36:21','2014-09-08 03:31:42'),(48,'a','2013-04-20 23:10:49','1976-04-10 15:52:44'),(49,'b','1980-04-18 13:24:46','1983-11-27 02:58:01'),(50,'a','1971-10-30 22:18:59','2012-11-15 09:45:22'),(51,'a','1997-12-16 22:24:56','1981-09-17 05:25:09'),(52,'b','2004-12-12 05:12:04','1984-08-16 01:33:25'),(53,'c','1976-01-23 02:25:50','2000-07-07 23:58:59'),(54,'c','1995-05-29 13:50:23','1980-07-27 00:27:26'),(55,'c','2012-10-08 07:02:36','1989-11-19 01:23:37'),(56,'c','1999-05-24 01:36:39','1991-04-02 01:47:26'),(57,'b','1974-03-20 05:46:52','2000-01-21 18:39:33'),(58,'b','1974-10-01 12:08:09','2002-01-18 15:30:49'),(59,'a','1977-02-20 11:00:26','1970-05-07 05:03:31'),(60,'b','1982-01-24 02:55:50','2003-10-02 21:17:06'),(61,'b','2015-07-23 12:05:18','2016-01-19 14:10:22'),(62,'c','1998-11-20 22:25:05','1995-08-30 21:40:07'),(63,'a','1995-05-29 16:10:39','2017-05-02 16:07:49'),(64,'b','1987-03-12 17:55:38','1977-08-11 14:23:52'),(65,'c','2013-07-29 13:44:30','2009-10-21 01:59:15'),(66,'a','1976-10-14 12:01:49','1970-02-23 20:12:42'),(67,'c','1992-04-24 11:40:51','1989-01-11 00:36:07'),(68,'b','2010-12-14 06:21:48','2007-07-02 16:39:37'),(69,'b','2014-05-09 12:21:50','2003-05-09 07:37:56'),(70,'a','2015-02-10 00:01:58','2017-03-02 11:29:39'),(71,'b','1990-02-22 21:56:51','2015-09-27 14:30:21'),(72,'c','1979-08-21 22:59:22','1991-08-16 17:05:19'),(73,'c','1997-05-26 18:53:57','2006-07-28 19:30:19'),(74,'b','2015-06-10 20:42:09','1971-05-03 17:15:11'),(75,'c','2018-07-06 23:10:49','1998-12-04 12:27:22'),(76,'a','2009-11-22 21:48:32','1982-10-14 10:45:49'),(77,'a','1989-04-29 18:07:58','1970-10-30 04:05:43'),(78,'c','2018-08-26 15:09:02','1984-07-22 08:37:48'),(79,'c','2002-07-22 09:38:15','1978-04-19 18:15:34'),(80,'b','2005-07-16 23:49:34','1982-05-01 16:39:11'),(81,'a','1994-12-29 06:34:59','1985-02-18 10:12:20'),(82,'c','2006-07-24 19:00:31','1995-03-05 21:19:49'),(83,'b','2014-10-14 21:58:39','1999-10-06 11:53:00'),(84,'c','2001-10-29 09:39:33','2004-01-12 05:33:33'),(85,'c','1990-05-05 00:08:39','1974-04-11 18:46:09'),(86,'b','1970-04-18 21:58:58','2006-03-07 15:45:39'),(87,'b','2012-07-27 00:34:53','1997-10-23 15:25:04'),(88,'c','2019-12-21 13:51:27','1985-07-07 19:56:57'),(89,'c','2019-02-20 15:40:23','2018-10-16 11:27:47'),(90,'b','1977-04-08 09:14:32','2009-03-11 03:54:26'),(91,'c','1987-09-25 00:45:47','2008-01-14 22:40:25'),(92,'c','1997-05-17 05:30:21','2011-04-20 12:32:32'),(93,'a','1994-10-04 07:55:39','1992-08-13 19:32:57'),(94,'a','1976-09-11 18:57:04','1992-05-18 07:37:53'),(95,'a','2006-10-02 07:22:11','2018-12-22 04:46:49'),(96,'b','1972-05-01 06:23:38','1977-08-10 17:33:51'),(97,'c','2020-03-16 15:40:42','2001-03-20 10:56:44'),(98,'b','1998-10-12 07:34:01','1983-07-26 15:43:37'),(99,'c','2002-11-29 01:59:56','2006-01-29 00:58:39'),(100,'c','1981-12-17 11:03:58','2020-12-25 22:00:32');
/*!40000 ALTER TABLE `friendship_statuses` ENABLE KEYS */;
UNLOCK TABLES;

--
-- Table structure for table `media`
--

DROP TABLE IF EXISTS `media`;
/*!40101 SET @saved_cs_client     = @@character_set_client */;
/*!50503 SET character_set_client = utf8mb4 */;
CREATE TABLE `media` (
  `id` int unsigned NOT NULL AUTO_INCREMENT COMMENT 'Идентификатор строки',
  `user_id` int unsigned NOT NULL COMMENT 'Ссылка на пользователя, который загрузил файл',
  `filename` varchar(255) CHARACTER SET utf8mb4 COLLATE utf8mb4_unicode_ci NOT NULL COMMENT 'Путь к файлу',
  `size` int NOT NULL COMMENT 'Размер файла',
  `metadata` longtext CHARACTER SET utf8mb4 COLLATE utf8mb4_bin COMMENT 'Метаданные файла',
  `media_type_id` int unsigned NOT NULL COMMENT 'Ссылка на тип контента',
  `created_at` datetime DEFAULT CURRENT_TIMESTAMP COMMENT 'Время создания строки',
  `updated_at` datetime DEFAULT CURRENT_TIMESTAMP ON UPDATE CURRENT_TIMESTAMP COMMENT 'Время обновления строки',
  PRIMARY KEY (`id`),
  CONSTRAINT `media_chk_1` CHECK (json_valid(`metadata`))
) ENGINE=InnoDB AUTO_INCREMENT=101 DEFAULT CHARSET=utf8mb4 COLLATE=utf8mb4_unicode_ci COMMENT='Медиафайлы';
/*!40101 SET character_set_client = @saved_cs_client */;

--
-- Dumping data for table `media`
--

LOCK TABLES `media` WRITE;
/*!40000 ALTER TABLE `media` DISABLE KEYS */;
INSERT INTO `media` VALUES (1,1,'dolores',8645959,NULL,1,'1981-12-16 11:47:54','2015-10-12 10:03:37'),(2,2,'id',34379,NULL,2,'2019-04-25 05:30:51','1976-08-05 00:15:43'),(3,3,'ex',107030722,NULL,3,'1985-09-25 06:48:38','1975-06-15 15:17:39'),(4,4,'reprehenderit',9219603,NULL,4,'2001-06-03 17:29:38','2006-06-27 21:05:19'),(5,5,'sunt',7392923,NULL,5,'1995-09-24 17:48:34','2000-05-09 07:53:46'),(6,6,'commodi',52,NULL,6,'1981-01-28 10:03:04','1989-07-12 19:54:36'),(7,7,'vel',53998274,NULL,7,'2006-09-04 05:35:44','1972-07-08 21:37:03'),(8,8,'neque',64332,NULL,8,'1989-01-18 11:42:49','1988-06-16 15:58:50'),(9,9,'dolorem',84482649,NULL,9,'2014-09-09 21:23:11','2020-06-03 12:18:53'),(10,10,'occaecati',666,NULL,10,'1976-01-12 16:06:35','1972-10-06 08:43:39'),(11,11,'at',116420,NULL,11,'2004-03-12 19:54:51','2014-12-24 08:59:47'),(12,12,'dolore',36,NULL,12,'1991-11-06 02:55:38','1986-10-24 14:02:28'),(13,13,'et',952,NULL,13,'1974-02-28 00:38:24','1976-12-27 10:37:20'),(14,14,'reiciendis',6,NULL,14,'2017-05-01 02:08:09','1980-06-07 22:12:17'),(15,15,'esse',561303197,NULL,15,'2001-02-03 13:26:12','1991-09-24 18:55:28'),(16,16,'quae',84832956,NULL,16,'2020-02-13 10:40:20','1984-07-27 08:04:08'),(17,17,'praesentium',88489934,NULL,17,'1987-10-20 02:52:51','1977-03-08 18:39:36'),(18,18,'et',160424,NULL,18,'1993-06-04 07:50:49','1984-12-02 19:00:44'),(19,19,'deserunt',1237,NULL,19,'1979-12-25 01:27:10','2011-09-24 05:33:32'),(20,20,'dolore',663,NULL,20,'1988-02-10 09:06:25','2012-01-30 22:31:32'),(21,21,'optio',0,NULL,21,'1996-11-01 05:14:50','2011-05-28 15:03:40'),(22,22,'ut',61947,NULL,22,'1992-12-26 02:23:51','1983-11-17 05:06:44'),(23,23,'aut',9,NULL,23,'1995-04-05 09:48:31','1982-09-04 02:18:52'),(24,24,'autem',6,NULL,24,'1996-04-18 20:10:38','1989-12-25 17:21:58'),(25,25,'et',29,NULL,25,'1990-01-10 03:50:52','1994-07-13 13:23:50'),(26,26,'consequatur',17,NULL,26,'1995-09-26 20:57:51','2013-07-05 11:46:09'),(27,27,'tempora',0,NULL,27,'1998-01-13 09:36:29','2006-02-19 10:27:03'),(28,28,'incidunt',0,NULL,28,'2003-07-04 01:14:15','1974-01-26 09:10:38'),(29,29,'quae',0,NULL,29,'1986-06-23 00:23:29','2014-01-17 10:55:39'),(30,30,'id',823399684,NULL,30,'1990-05-18 00:29:20','2007-01-23 00:13:03'),(31,31,'dolore',291582,NULL,31,'1982-03-18 21:39:52','1982-06-26 06:56:42'),(32,32,'iusto',0,NULL,32,'2020-10-21 01:23:26','1992-03-05 06:23:16'),(33,33,'modi',85,NULL,33,'1976-11-04 05:03:26','2006-09-28 18:20:13'),(34,34,'non',0,NULL,34,'1997-02-05 04:43:52','1976-12-11 20:57:12'),(35,35,'repudiandae',24770808,NULL,35,'2020-04-07 06:04:35','2017-10-26 21:07:27'),(36,36,'ratione',3113054,NULL,36,'2019-12-03 03:28:26','2010-01-03 12:22:35'),(37,37,'earum',79555225,NULL,37,'1984-06-27 10:22:53','2018-03-20 11:16:26'),(38,38,'exercitationem',96023,NULL,38,'2004-10-24 08:03:08','1981-02-12 12:23:00'),(39,39,'animi',213152375,NULL,39,'1998-11-26 08:48:05','2005-06-29 13:07:41'),(40,40,'nesciunt',0,NULL,40,'2012-12-09 16:18:59','2004-09-19 21:07:06'),(41,41,'hic',39113467,NULL,41,'2009-07-08 14:53:21','1992-01-09 12:46:47'),(42,42,'ut',278549,NULL,42,'2007-01-12 13:25:37','2004-09-09 16:29:22'),(43,43,'eligendi',234,NULL,43,'2006-07-18 05:11:27','1997-11-17 05:32:31'),(44,44,'quae',94,NULL,44,'1999-03-16 18:45:06','2018-01-04 06:39:51'),(45,45,'fugiat',672,NULL,45,'1979-10-02 03:12:26','2006-09-19 07:25:11'),(46,46,'magni',4129059,NULL,46,'2012-12-01 05:27:28','1995-08-13 13:13:14'),(47,47,'totam',6,NULL,47,'2017-04-03 01:08:48','1986-03-23 09:10:55'),(48,48,'ut',4,NULL,48,'2006-09-16 18:52:26','2016-09-10 13:22:25'),(49,49,'adipisci',0,NULL,49,'2017-06-03 08:01:08','1979-11-29 15:09:03'),(50,50,'fugit',67,NULL,50,'2015-09-02 02:19:11','1979-08-17 12:59:50'),(51,51,'nihil',76970,NULL,51,'1986-07-22 09:44:10','1997-06-21 04:35:13'),(52,52,'ad',482742623,NULL,52,'1993-04-14 20:48:49','1985-10-21 19:55:20'),(53,53,'ut',9336,NULL,53,'1990-01-21 09:39:05','2012-05-23 10:26:21'),(54,54,'iste',49,NULL,54,'2018-02-23 00:42:25','2012-11-22 10:59:11'),(55,55,'omnis',296,NULL,55,'1984-08-08 08:11:11','2012-04-10 11:20:56'),(56,56,'ut',9520632,NULL,56,'1993-08-04 07:48:08','1989-04-04 00:26:21'),(57,57,'eum',458,NULL,57,'2000-09-23 13:03:27','2016-01-09 13:37:47'),(58,58,'voluptas',7597728,NULL,58,'1999-10-16 15:28:56','1981-03-07 00:42:22'),(59,59,'sint',179658,NULL,59,'2005-07-02 07:59:47','2004-12-03 20:39:15'),(60,60,'sapiente',8965,NULL,60,'2014-12-31 07:38:55','1977-12-04 06:46:14'),(61,61,'perspiciatis',48,NULL,61,'2002-08-19 04:55:17','1977-11-10 05:06:38'),(62,62,'aut',27,NULL,62,'1976-09-15 07:37:50','1993-10-13 01:33:20'),(63,63,'aperiam',0,NULL,63,'1985-02-24 17:25:44','1970-12-31 17:34:55'),(64,64,'modi',8,NULL,64,'2003-05-27 11:04:11','1995-02-16 13:05:34'),(65,65,'occaecati',6737247,NULL,65,'1991-03-24 09:16:49','2011-01-17 13:32:20'),(66,66,'necessitatibus',370431407,NULL,66,'1988-02-26 12:56:00','2009-06-19 20:30:50'),(67,67,'fugiat',6,NULL,67,'2005-09-13 07:58:32','1980-10-17 16:54:36'),(68,68,'aperiam',675374986,NULL,68,'1990-07-18 00:38:40','2002-04-17 04:07:53'),(69,69,'quam',63908248,NULL,69,'2015-12-10 15:40:55','1970-09-14 18:59:50'),(70,70,'est',749588306,NULL,70,'1985-01-19 12:39:51','1982-07-13 17:04:58'),(71,71,'aut',233663,NULL,71,'1989-05-23 15:56:31','2019-05-21 00:53:18'),(72,72,'nihil',1230,NULL,72,'2002-05-30 21:58:16','1971-08-10 16:39:06'),(73,73,'quod',82988591,NULL,73,'2004-07-23 20:37:01','1981-04-27 14:13:30'),(74,74,'quo',22665582,NULL,74,'2018-08-28 10:48:12','2021-03-04 20:06:06'),(75,75,'et',94230,NULL,75,'1985-12-26 00:50:19','1983-10-19 00:48:52'),(76,76,'delectus',2,NULL,76,'2015-12-19 21:12:38','2015-06-14 16:58:52'),(77,77,'minus',82821128,NULL,77,'1981-04-22 20:14:58','1970-06-29 02:13:33'),(78,78,'molestiae',89,NULL,78,'1991-07-22 20:58:52','1992-04-06 18:08:33'),(79,79,'nisi',0,NULL,79,'1997-07-17 12:44:05','1973-11-20 18:06:50'),(80,80,'quis',0,NULL,80,'2006-10-19 00:59:10','1999-04-01 05:25:26'),(81,81,'beatae',18129695,NULL,81,'2011-05-21 03:02:58','1973-01-19 04:26:38'),(82,82,'similique',867361217,NULL,82,'1974-09-01 14:25:13','1985-03-11 06:52:35'),(83,83,'rerum',89008,NULL,83,'1989-10-09 13:08:42','2017-06-05 21:28:09'),(84,84,'soluta',76428180,NULL,84,'1992-01-06 15:58:33','2011-03-02 19:24:19'),(85,85,'expedita',6,NULL,85,'1977-03-23 05:28:56','1990-01-19 23:48:59'),(86,86,'et',639472,NULL,86,'1998-05-22 17:13:41','1997-11-07 21:09:31'),(87,87,'quidem',3,NULL,87,'1992-04-13 13:05:32','1978-02-14 07:14:25'),(88,88,'cumque',5029,NULL,88,'2018-05-23 05:31:22','1983-07-23 00:28:31'),(89,89,'et',57,NULL,89,'1982-05-05 16:26:43','1983-06-07 18:08:01'),(90,90,'quam',491958048,NULL,90,'1997-12-05 06:35:58','1985-09-20 02:20:13'),(91,91,'non',136524,NULL,91,'1981-11-08 11:07:57','1979-05-18 07:21:34'),(92,92,'voluptatem',72,NULL,92,'1991-05-06 10:59:34','2003-10-23 21:00:33'),(93,93,'saepe',36566,NULL,93,'1978-05-25 19:29:00','2011-01-27 04:28:06'),(94,94,'mollitia',0,NULL,94,'2005-08-06 19:13:36','2018-08-01 00:29:06'),(95,95,'eos',0,NULL,95,'2011-04-28 10:13:37','1995-12-27 01:42:09'),(96,96,'id',266906422,NULL,96,'2002-01-04 14:25:52','1986-12-03 00:03:23'),(97,97,'quis',28855,NULL,97,'1990-02-15 18:48:52','1970-04-04 00:05:42'),(98,98,'aut',3,NULL,98,'1973-01-31 08:07:05','2002-01-05 09:51:59'),(99,99,'voluptatibus',2160,NULL,99,'1989-06-30 10:02:24','1977-11-23 03:42:04'),(100,100,'ea',57569008,NULL,100,'1993-05-20 02:10:44','2016-10-24 17:02:21');
/*!40000 ALTER TABLE `media` ENABLE KEYS */;
UNLOCK TABLES;

--
-- Table structure for table `media_types`
--

DROP TABLE IF EXISTS `media_types`;
/*!40101 SET @saved_cs_client     = @@character_set_client */;
/*!50503 SET character_set_client = utf8mb4 */;
CREATE TABLE `media_types` (
  `id` int unsigned NOT NULL AUTO_INCREMENT COMMENT 'Идентификатор строки',
  `name` varchar(255) CHARACTER SET utf8mb4 COLLATE utf8mb4_unicode_ci NOT NULL COMMENT 'Название типа',
  `created_at` datetime DEFAULT CURRENT_TIMESTAMP COMMENT 'Время создания строки',
  `updated_at` datetime DEFAULT CURRENT_TIMESTAMP ON UPDATE CURRENT_TIMESTAMP COMMENT 'Время обновления строки',
  PRIMARY KEY (`id`),
  UNIQUE KEY `name` (`name`)
) ENGINE=InnoDB AUTO_INCREMENT=101 DEFAULT CHARSET=utf8mb4 COLLATE=utf8mb4_unicode_ci COMMENT='Типы медиафайлов';
/*!40101 SET character_set_client = @saved_cs_client */;

--
-- Dumping data for table `media_types`
--

LOCK TABLES `media_types` WRITE;
/*!40000 ALTER TABLE `media_types` DISABLE KEYS */;
INSERT INTO `media_types` VALUES (1,'autem','2002-01-16 02:01:40','1976-02-06 08:34:49'),(2,'natus','2007-11-15 19:29:24','1973-09-21 01:16:07'),(3,'quo','2013-07-08 14:28:08','1993-05-18 19:57:35'),(4,'delectus','1996-06-23 04:37:19','1975-04-13 15:58:28'),(5,'quia','1972-11-21 23:07:28','1972-07-21 09:29:03'),(6,'in','1971-03-17 12:36:20','1982-07-05 12:36:37'),(7,'ipsum','2010-10-19 06:51:37','1983-01-14 14:54:20'),(8,'deserunt','1971-10-09 04:36:27','1977-09-12 07:14:52'),(9,'consequatur','2013-09-14 06:13:15','1990-07-04 16:57:12'),(10,'enim','2006-03-01 08:15:34','1993-03-16 12:39:30'),(11,'repellat','1984-02-23 08:49:09','2008-12-31 19:57:34'),(12,'id','2016-06-20 14:31:21','2020-06-09 02:53:23'),(13,'vitae','2000-09-02 22:13:26','1975-12-12 12:31:36'),(14,'omnis','2017-04-03 13:25:34','2012-08-08 15:26:07'),(15,'illo','2017-04-11 06:22:32','2019-12-20 23:31:57'),(16,'accusamus','1993-09-18 17:43:56','2003-08-20 19:32:09'),(17,'sit','2013-03-30 00:57:29','1999-03-11 09:14:04'),(18,'eum','1992-10-14 20:52:47','1983-01-29 08:45:59'),(19,'beatae','1983-07-14 23:01:34','2017-11-10 03:08:02'),(20,'vel','1980-01-01 22:54:33','1979-03-20 06:51:15'),(21,'laboriosam','1999-05-29 16:12:10','2010-08-20 23:02:04'),(22,'accusantium','1981-09-29 09:00:55','2000-04-16 04:18:11'),(23,'itaque','1972-12-13 20:59:49','1981-07-19 13:36:10'),(24,'iste','1982-01-16 15:06:33','1995-05-28 05:12:20'),(25,'quaerat','1985-08-14 01:01:09','1977-12-12 17:24:51'),(26,'eos','1989-08-17 05:22:40','1996-12-15 17:40:28'),(27,'aut','1989-09-23 03:11:20','2005-10-04 02:43:54'),(28,'distinctio','1993-04-02 07:27:29','1994-03-11 12:42:28'),(29,'error','1997-04-17 19:17:25','2011-05-06 16:16:04'),(30,'ratione','1997-02-05 04:32:58','1987-01-23 02:43:11'),(31,'sed','1972-09-03 07:20:19','2012-05-03 04:30:33'),(32,'dignissimos','1993-05-14 12:16:34','1987-11-08 12:13:21'),(33,'reprehenderit','1988-02-17 01:34:41','1982-01-27 19:52:48'),(34,'voluptas','2011-12-15 04:29:16','1973-11-26 19:40:41'),(35,'nihil','2000-02-13 05:19:01','1976-03-15 05:29:33'),(36,'aspernatur','1995-08-20 02:12:30','1978-05-11 14:21:22'),(37,'ea','1990-09-10 18:44:24','1996-10-24 20:36:10'),(38,'dolorum','1985-10-07 16:41:13','2017-07-06 18:15:45'),(39,'dolor','1984-09-06 06:13:12','1981-07-13 12:55:20'),(40,'magni','1984-01-04 16:30:52','2018-11-18 07:09:43'),(41,'est','2010-10-13 09:53:39','1986-01-14 21:28:48'),(42,'qui','1982-10-28 22:15:00','1975-07-17 09:21:49'),(43,'esse','1985-10-06 10:37:41','2009-05-10 19:27:14'),(44,'perferendis','1998-12-14 18:12:15','1973-12-24 20:53:09'),(45,'et','2014-06-16 22:50:58','1993-12-09 07:29:23'),(46,'ipsa','1997-06-26 07:41:07','1984-04-13 01:30:31'),(47,'consequuntur','1983-10-04 14:58:42','1982-05-20 12:25:59'),(48,'officia','1984-10-06 10:00:00','2019-06-22 09:59:24'),(49,'necessitatibus','2012-06-03 22:00:10','2016-06-15 02:36:24'),(50,'sunt','1975-06-07 22:58:04','1989-11-24 16:24:39'),(51,'velit','1991-12-08 02:29:58','2010-06-12 04:24:09'),(52,'minus','1982-04-09 14:59:17','1982-05-27 16:40:02'),(53,'pariatur','1987-10-17 04:33:38','2010-01-19 22:29:33'),(54,'cum','2010-09-17 05:26:58','1977-11-17 14:21:34'),(55,'nostrum','1989-08-31 13:28:27','1980-12-31 00:44:11'),(56,'cumque','1981-02-19 09:30:52','1975-04-02 13:35:58'),(57,'odit','1989-10-19 00:49:38','1993-10-11 06:11:40'),(58,'at','1977-02-19 15:24:52','1973-08-09 05:07:38'),(59,'animi','1971-01-15 01:30:33','2018-05-29 10:17:44'),(60,'dolore','1986-07-18 02:48:10','2004-06-18 04:50:02'),(61,'tenetur','2001-04-21 16:56:13','1984-11-19 01:51:18'),(62,'iusto','1975-05-28 04:49:53','1992-03-29 16:34:53'),(63,'maiores','2000-06-24 05:05:07','1970-05-22 13:11:37'),(64,'dolores','2020-03-20 17:04:35','1995-07-05 21:09:43'),(65,'eius','1976-02-21 17:59:07','1974-08-28 14:57:28'),(66,'quod','1975-03-12 03:36:54','2011-06-10 08:53:42'),(67,'non','1974-04-11 09:38:14','2019-04-02 22:03:12'),(68,'a','1972-11-01 10:30:02','2009-01-11 02:11:40'),(69,'voluptatem','1993-08-14 22:57:27','2007-12-20 12:06:56'),(70,'ex','1988-09-24 03:24:11','2000-12-05 18:45:52'),(71,'impedit','2006-08-30 15:04:33','1973-09-20 22:44:20'),(72,'inventore','1978-08-21 14:26:16','1996-05-30 05:06:59'),(73,'ut','1972-07-23 03:28:52','1994-04-13 16:16:36'),(74,'porro','1998-06-26 22:07:20','2015-07-26 00:03:40'),(75,'eaque','2004-03-17 21:55:51','2018-05-17 08:09:53'),(76,'sint','2012-05-21 10:26:58','1984-03-07 15:37:17'),(77,'dicta','2015-11-26 07:12:29','1996-01-26 11:28:40'),(78,'voluptate','2018-08-26 18:08:27','2001-11-08 16:20:54'),(79,'quis','2015-05-21 16:35:44','2003-04-06 08:36:15'),(80,'eligendi','2001-05-15 17:42:02','1999-09-18 15:10:03'),(81,'nisi','2014-10-06 16:10:29','1981-07-25 00:43:27'),(82,'rerum','2015-01-12 17:06:15','1995-07-10 21:19:01'),(83,'iure','1973-01-08 14:33:06','2018-12-24 17:31:44'),(84,'fuga','2003-11-14 05:34:30','1991-12-31 04:33:32'),(85,'dolorem','1971-06-10 06:26:27','1973-08-13 01:38:56'),(86,'temporibus','2006-10-19 06:05:30','2001-10-01 17:50:18'),(87,'maxime','2019-10-16 11:40:09','1975-11-20 15:10:47'),(88,'occaecati','2018-07-20 19:58:03','1971-10-16 12:44:11'),(89,'laudantium','1994-11-27 15:32:08','1981-09-08 10:42:37'),(90,'numquam','1978-07-04 21:58:21','1985-07-23 16:35:50'),(91,'aliquam','1972-07-14 03:25:03','1981-04-26 09:42:47'),(92,'molestiae','1985-05-06 14:17:29','1999-03-08 22:38:36'),(93,'rem','2019-12-04 10:41:15','2016-06-03 00:38:03'),(94,'ad','2004-06-20 05:51:41','2006-02-19 23:55:55'),(95,'totam','1989-09-20 11:09:35','1994-03-19 07:02:56'),(96,'quas','1997-09-20 10:29:16','1998-07-23 21:43:56'),(97,'assumenda','2010-11-18 10:33:40','2002-03-17 16:58:11'),(98,'quae','2010-07-06 13:10:24','1983-08-26 19:46:11'),(99,'expedita','2017-12-09 17:43:10','1979-08-28 12:27:56'),(100,'commodi','1980-01-21 20:10:43','1985-03-24 04:47:33');
/*!40000 ALTER TABLE `media_types` ENABLE KEYS */;
UNLOCK TABLES;

--
-- Table structure for table `messages`
--

DROP TABLE IF EXISTS `messages`;
/*!40101 SET @saved_cs_client     = @@character_set_client */;
/*!50503 SET character_set_client = utf8mb4 */;
CREATE TABLE `messages` (
  `id` int unsigned NOT NULL AUTO_INCREMENT COMMENT 'Идентификатор строки',
  `from_user_id` int unsigned NOT NULL COMMENT 'Ссылка на отправителя сообщения',
  `to_user_id` int unsigned NOT NULL COMMENT 'Ссылка на получателя сообщения',
  `body` text CHARACTER SET utf8mb4 COLLATE utf8mb4_unicode_ci NOT NULL COMMENT 'Текст сообщения',
  `is_important` tinyint(1) DEFAULT NULL COMMENT 'Признак важности',
  `is_delivered` tinyint(1) DEFAULT NULL COMMENT 'Признак доставки',
  `created_at` datetime DEFAULT CURRENT_TIMESTAMP COMMENT 'Время создания строки',
  PRIMARY KEY (`id`)
) ENGINE=InnoDB AUTO_INCREMENT=101 DEFAULT CHARSET=utf8mb4 COLLATE=utf8mb4_unicode_ci COMMENT='Сообщения';
/*!40101 SET character_set_client = @saved_cs_client */;

--
-- Dumping data for table `messages`
--

LOCK TABLES `messages` WRITE;
/*!40000 ALTER TABLE `messages` DISABLE KEYS */;
INSERT INTO `messages` VALUES (1,1,1,'Quia optio facere quia nihil facilis dolor tempora. Ad blanditiis maiores et repellat. Non et ut neque consequatur ratione aliquid.',0,1,'1988-08-10 22:47:17'),(2,2,2,'Quia nisi cum tenetur cumque voluptas molestiae totam. Eos autem ea nemo quia aut quidem. Pariatur quae accusantium quaerat asperiores. Cum autem quo tempora nemo accusantium sint.',0,1,'2020-03-16 15:50:22'),(3,3,3,'Et omnis quia eum mollitia tempora accusantium. Enim ut est ratione autem explicabo animi pariatur. Consequuntur voluptas et minus consequatur magni.',0,0,'1986-02-19 18:17:01'),(4,4,4,'Dolores illo voluptatem soluta suscipit recusandae commodi recusandae ea. Voluptate aspernatur distinctio dignissimos earum. Vitae harum similique illo facilis. Minima voluptatem iure ipsa nobis quis explicabo sunt.',1,0,'1973-12-24 16:31:33'),(5,5,5,'Est eos consequuntur soluta ipsam. Molestiae doloribus laudantium totam. Eum repellendus pariatur et aliquam totam tempora a.',0,1,'2007-04-08 12:06:40'),(6,6,6,'Molestias quo placeat quae voluptatum velit. Est ex hic quo eaque. Et neque praesentium et qui. Minus asperiores dicta numquam est dolor corrupti.',1,1,'2006-02-27 01:16:16'),(7,7,7,'Enim aut ut culpa ipsam. Eos corporis dolores consequatur praesentium et veniam.',1,1,'2006-12-13 20:17:25'),(8,8,8,'Nam assumenda soluta et odit voluptatum. Nemo inventore et illum unde omnis id quis. Rerum corporis maxime aperiam deserunt unde nobis. Cupiditate voluptas inventore est fugiat iste. Consequatur molestiae rerum delectus sit quia.',0,0,'1991-07-08 18:19:39'),(9,9,9,'Accusantium quibusdam sapiente et optio ut. Ipsa cupiditate occaecati alias praesentium explicabo magni. Libero delectus officiis et harum doloribus.',0,1,'2011-05-21 23:40:15'),(10,10,10,'Omnis occaecati voluptates omnis et eum. Dolores similique quia aut aut accusamus sit ab voluptatem. Asperiores sunt quasi et aspernatur nemo delectus.',0,0,'2019-11-27 15:51:10'),(11,11,11,'Nihil recusandae impedit delectus molestiae quod aut architecto illum. Dolorem voluptatem ratione sunt perspiciatis. Voluptatem doloribus ducimus quo explicabo ratione.',0,0,'1978-07-08 01:56:43'),(12,12,12,'Voluptatibus architecto tempora earum ratione quia voluptatem nesciunt. Earum tempore perspiciatis quia velit aut amet. Illo velit sit earum. Perspiciatis laborum est debitis corporis nemo veniam.',0,0,'1999-07-22 04:11:40'),(13,13,13,'Dolor et dolor eius. Fugiat repudiandae ex dolor eum itaque sit facilis. Non omnis repellat sed neque autem delectus aut tempora.',1,1,'2014-11-29 09:22:05'),(14,14,14,'Id voluptatem veritatis quia perferendis. Veritatis dolores qui nam est. Enim illo eligendi eveniet esse incidunt et beatae.',0,0,'2002-05-11 18:08:30'),(15,15,15,'Eos ea et quia deleniti velit. Nihil quo repudiandae ut dolorem mollitia dolorem magnam. Qui cumque temporibus illo tempora. Est quo quibusdam ea quam sed quam magni.',1,0,'1970-03-31 07:20:21'),(16,16,16,'Quis dignissimos voluptate perspiciatis temporibus corrupti odit. Quisquam sapiente dolore qui temporibus voluptas aut. Rem saepe veniam veritatis qui sed eveniet.',0,0,'1984-12-25 13:39:42'),(17,17,17,'Perspiciatis iste corporis ullam mollitia asperiores sit totam. Et nulla voluptatem totam sunt. Dolores veniam libero quia neque. Reprehenderit voluptas minima quas consequatur quis repellendus impedit.',0,1,'1983-09-25 17:23:29'),(18,18,18,'Cum expedita animi repellendus at a et. Nisi atque ea deserunt tempore quo quas vel id. Blanditiis deleniti quisquam earum iure voluptatem.',1,1,'2013-02-06 18:48:04'),(19,19,19,'Voluptatum voluptate ut molestias maxime dicta quis asperiores. Aliquam omnis dolorem sed qui quo ut. Dolores repellat ut voluptatum natus.',1,0,'2010-12-10 01:33:32'),(20,20,20,'Dolorum illum ea et necessitatibus. Et corrupti et accusamus voluptatem iusto perspiciatis. Minus ut veniam possimus explicabo enim soluta. Ut et aut est consequatur.',0,1,'1984-03-22 03:37:44'),(21,21,21,'Nostrum voluptatem iure aliquid dolore nihil veniam a. Id mollitia suscipit ea quod numquam ad exercitationem. Dignissimos reprehenderit vero similique consequatur. Minus harum necessitatibus omnis porro iure.',1,0,'1994-03-28 02:53:51'),(22,22,22,'Nisi quos et minus placeat quaerat ut. Quaerat tempore soluta ipsum pariatur. Nihil qui et aut commodi omnis quas iste. Nihil minima corporis minus.',0,1,'2014-11-19 04:31:08'),(23,23,23,'Quos est neque blanditiis enim cumque. Nostrum cum dolorem sunt numquam itaque. Non et molestiae omnis accusantium suscipit. Est a sint quod ullam. Iusto assumenda omnis aliquid inventore ut est modi quia.',1,0,'1973-07-05 13:49:44'),(24,24,24,'A dolor amet autem incidunt provident nihil aut. Eaque dolor rerum doloribus perferendis nihil earum exercitationem. Quam ut deserunt officiis provident commodi natus. Aut ad sit illum sed eveniet.',0,0,'2001-10-12 23:57:44'),(25,25,25,'Beatae quis minima non ex et aut labore. Corrupti excepturi asperiores ullam incidunt qui. Cupiditate quia et numquam rerum est. Minus vel aliquam nesciunt debitis iure nulla iste sit.',1,1,'1990-11-22 17:00:20'),(26,26,26,'Modi assumenda voluptatum repudiandae. Ipsa aut inventore minima. Neque ipsam laudantium asperiores quaerat.',0,0,'2005-03-28 06:26:18'),(27,27,27,'Aut voluptas nihil esse quisquam incidunt est autem. Tempore eos nesciunt consequatur quia. Et illum alias ducimus asperiores voluptatem iusto. Sed sit enim non voluptate. Tempore eius molestiae itaque voluptates.',0,1,'1993-03-05 17:02:31'),(28,28,28,'Dolorum perferendis esse aliquam animi ea qui corporis. Pariatur id necessitatibus fuga fugit. Voluptas maiores est voluptatem asperiores dolores voluptates ut. Eum quis ut qui ullam.',1,0,'1998-07-29 14:01:26'),(29,29,29,'Tenetur ut illo quidem quis excepturi consequuntur et. Ullam id eligendi voluptatibus quibusdam sed omnis culpa. Beatae voluptatem esse animi cumque. Commodi eos ut accusamus voluptatem aut dignissimos.',1,0,'2016-05-30 12:52:29'),(30,30,30,'Esse amet consequatur quis illum voluptate nesciunt totam. Error quo fuga consequatur mollitia eum aperiam quidem. Dolorem enim ut laboriosam ut.',0,1,'2003-06-28 23:55:21'),(31,31,31,'Dicta in vel excepturi nihil maxime. Molestias quia occaecati velit voluptates omnis et. Facilis corporis consectetur voluptates doloremque omnis culpa. Neque est amet harum iusto. Nisi enim et iure dolor ratione quaerat autem et.',0,0,'1976-12-02 19:49:08'),(32,32,32,'Suscipit aut ad tempore. Vero temporibus autem et maxime rerum recusandae mollitia molestias. Alias quam libero nam voluptatem et incidunt harum.',0,1,'1992-02-01 15:57:44'),(33,33,33,'Accusamus expedita non nesciunt aut accusamus quibusdam. Hic est ipsa et qui repudiandae expedita amet. Sit qui sed atque doloremque.',0,0,'1996-10-02 23:45:18'),(34,34,34,'Enim voluptas deleniti rerum voluptate unde eum ut. Non inventore officia ea expedita et aperiam quis. Enim et doloremque consequatur eius eos. Aut nesciunt rem est.',0,1,'2003-09-18 18:08:51'),(35,35,35,'Corporis numquam voluptatem explicabo quisquam tempore consequuntur numquam. Et dolores praesentium distinctio possimus saepe qui. Corrupti repudiandae iure aliquam nihil natus ipsam qui.',1,1,'1994-04-23 09:24:37'),(36,36,36,'Quam et molestiae corporis similique distinctio accusantium fugiat omnis. Fugit est cupiditate voluptatem deleniti nihil et. Minima est qui delectus accusantium tempore est inventore.',1,1,'1971-05-04 00:17:56'),(37,37,37,'Atque magnam et ullam delectus. Et exercitationem veritatis magnam cum neque qui. Magnam cum dolorem accusamus explicabo omnis quam necessitatibus ut. Omnis sit aut veniam eum.',0,0,'2001-07-16 00:57:31'),(38,38,38,'Non exercitationem aperiam impedit est quaerat. Eos non odio qui sunt exercitationem ut autem. Vel et rem aut accusantium. Rerum voluptatem repudiandae velit hic possimus est voluptatem.',0,0,'1975-12-24 16:53:54'),(39,39,39,'Et quis dolore ad tenetur qui necessitatibus est officia. Illo sit quia laborum nulla dolores quia. Quaerat iste quis reiciendis. Et ipsa non magni id.',1,1,'2007-05-13 00:00:15'),(40,40,40,'Accusamus quis deserunt suscipit error ullam dolores sunt. Explicabo ut est et ut sapiente. Voluptas natus magni cumque sapiente. Ipsam non dolore veniam ipsum aut dolorem et.',1,0,'1980-04-16 18:11:56'),(41,41,41,'Quibusdam non labore aperiam consequatur molestias est. Earum et qui quia earum eligendi quidem possimus. Voluptas molestiae velit magni. Occaecati animi in repellendus doloribus itaque laboriosam.',0,0,'2012-06-07 13:16:13'),(42,42,42,'Dolorem ex recusandae placeat consequatur temporibus est corporis. Debitis molestiae doloribus suscipit natus sit omnis. Et eum ullam similique asperiores dolores. Delectus aut commodi quis et.',1,0,'2004-06-20 04:18:49'),(43,43,43,'Eum dolores et quod nihil qui velit maxime. Consequatur sunt consequatur nulla iure eum quos consequatur iusto. Fugit repellat non aut accusantium esse culpa.',0,0,'2015-07-19 08:54:24'),(44,44,44,'Corrupti ut omnis illo tempora voluptatum ut adipisci incidunt. Ullam magni corporis voluptatum sunt odio. Adipisci sequi libero sint odio voluptatem perferendis doloremque.',0,1,'2005-04-04 15:28:32'),(45,45,45,'Velit sunt in non. Qui perferendis totam ducimus vitae.',1,0,'1981-07-25 23:47:15'),(46,46,46,'Harum labore beatae maxime quia vel nihil et. Aut odit voluptas ex qui id. Ipsam voluptate earum possimus vitae ut.',1,1,'1975-01-01 08:49:51'),(47,47,47,'Perferendis eius optio non sint. Enim quibusdam nesciunt occaecati vel reiciendis consequatur. Ut quo aut non sequi ad autem. Et quod temporibus eaque ut.',0,0,'1979-11-04 22:27:32'),(48,48,48,'Nesciunt quo omnis sint sunt commodi expedita. Repellat et error corporis maxime delectus aperiam. Libero rem voluptas maiores omnis voluptatem quae. Culpa vel facilis aut laudantium deserunt ratione qui.',1,0,'1978-02-11 06:48:07'),(49,49,49,'Itaque illum debitis ut et quis. Perferendis repudiandae nostrum voluptatum incidunt rerum sed ea. Aut earum consequatur quia sed omnis. Illum omnis aliquam cupiditate quia laudantium est.',0,1,'1982-10-01 02:10:57'),(50,50,50,'Est fugiat et quis non sapiente. Mollitia dicta autem id eius praesentium. Aperiam laborum sequi eos odio.',0,0,'1972-09-15 13:03:11'),(51,51,51,'Molestias et eveniet et aut nulla ipsum. Amet et ea soluta. Aut molestiae ut incidunt quos ut non. Ex et illo doloremque consequatur ullam autem. Odit consequatur in in ut nihil.',1,0,'1982-08-19 18:47:27'),(52,52,52,'Similique fugiat vel sit beatae. Voluptatem sequi veniam odio facilis. Minus unde magnam dolor nobis.',0,1,'2010-05-08 21:34:20'),(53,53,53,'Nihil omnis ea autem nisi quas deserunt vero quo. Quia qui voluptas ad reiciendis sequi. Sed nihil excepturi molestiae.',1,0,'1970-06-17 04:24:01'),(54,54,54,'Est laboriosam voluptas rerum iste. Est fugit et repellendus quibusdam. Neque libero ad et dolor sint ipsa delectus.',1,0,'1997-08-15 03:44:32'),(55,55,55,'Iure voluptatem autem porro. Omnis a quo sit laudantium eos. Quo et laborum dolorum libero. Voluptatem quod quod totam ad sequi ducimus.',1,1,'2016-01-28 08:06:48'),(56,56,56,'Voluptas unde dolores recusandae et voluptates voluptas. Corporis omnis ex quia facilis nostrum necessitatibus. Quos nesciunt illo aperiam ut.',1,0,'1993-07-24 08:02:22'),(57,57,57,'Provident itaque ipsum mollitia repudiandae mollitia voluptatibus. Omnis placeat eum voluptatum earum. Ut vel magnam similique quas aut.',0,0,'1995-05-21 16:21:23'),(58,58,58,'Nesciunt hic est iste eum. Ab facere eveniet et corporis consectetur qui voluptatum. Sit accusamus fuga non doloribus soluta eos. Sunt architecto quisquam culpa voluptatibus sed eum sapiente.',0,1,'1993-05-20 15:35:06'),(59,59,59,'Labore fuga ut ea quidem. Ut at eligendi ipsam rerum ut. Excepturi omnis quia eius dolor. Accusamus quia sint accusamus. Nobis eaque iusto ipsum consequatur non quis aliquam.',0,0,'1994-01-01 21:13:42'),(60,60,60,'Sunt labore aut quia quo omnis dolorem qui. Odio placeat eligendi placeat dolor. Aut qui corrupti et suscipit odit nulla eos. Incidunt ex aut ullam nulla qui.',0,0,'1991-08-14 01:54:39'),(61,61,61,'Nam omnis quae et ut impedit expedita ab. Laudantium sed nihil temporibus sit voluptatem quaerat quia illo. Suscipit qui dolorem beatae quia. Repellat necessitatibus quam ut sed ducimus velit accusamus. Recusandae odit nisi rerum error.',1,1,'1980-11-11 00:20:57'),(62,62,62,'Ipsum fuga repellendus aut et blanditiis. Tempora molestiae rerum iste quia quia a. Rerum harum et debitis et quam ea sed.',1,1,'1992-06-03 11:02:29'),(63,63,63,'Optio nulla rem ab mollitia unde et quis. Quod occaecati harum quidem tenetur deserunt. Voluptatum et ut aut dolor veritatis. Laudantium asperiores rerum qui voluptatem voluptatem consequuntur totam rerum.',0,1,'2007-10-11 01:47:15'),(64,64,64,'Recusandae enim voluptatem aspernatur placeat soluta qui. Quo nihil debitis et quo blanditiis aut. Nesciunt ad repudiandae quia distinctio. Officia ab omnis et nulla est sit.',0,1,'1998-12-19 23:07:05'),(65,65,65,'Et placeat sequi architecto similique dolorem omnis. Et suscipit necessitatibus officiis molestiae quasi iste. Molestiae aspernatur et culpa. Laborum aut soluta quos est architecto pariatur minima.',1,1,'1974-08-04 00:30:49'),(66,66,66,'Magni laboriosam omnis sed quae rerum in voluptate aperiam. Quasi tenetur placeat eos et. Id nihil neque rerum.',0,1,'2002-12-15 06:00:28'),(67,67,67,'Inventore dolorum earum voluptatem odit voluptatem. Molestias et error nihil dolorum fugiat quas. Quisquam quis expedita nobis veniam reprehenderit maxime. Ipsum optio non assumenda ab.',0,0,'1997-01-10 12:25:23'),(68,68,68,'Voluptatem atque corporis aspernatur enim. Eveniet nihil impedit est rem nam sed. Modi quod debitis praesentium ducimus qui voluptatem corporis.',1,0,'2014-07-27 10:33:35'),(69,69,69,'Sed labore vero possimus perferendis. Error id dolorum quam eos. Aspernatur aliquam assumenda nobis porro repellendus fugit ut. Ut alias voluptatem qui nostrum laudantium molestias. Et maxime eligendi deleniti qui et ipsum.',1,1,'1998-01-06 13:48:39'),(70,70,70,'Labore vel blanditiis ducimus sunt officia blanditiis ut voluptas. Ex perspiciatis ab ratione velit distinctio vel.',1,0,'2003-04-24 14:50:48'),(71,71,71,'Dolor sint voluptatem et. Eius voluptas quod et. Expedita at magni corrupti fugit.',1,1,'2018-06-17 06:22:41'),(72,72,72,'Quasi soluta tempora debitis nostrum tenetur perspiciatis. Veniam delectus fugit accusamus harum nisi. Qui et quisquam at commodi nam modi dicta. Praesentium et qui blanditiis placeat.',1,0,'1973-11-07 15:13:12'),(73,73,73,'Cum autem consequatur eos qui consequatur consequatur sunt ducimus. Vitae culpa eligendi alias. Nobis officiis nihil alias et ut aut.',0,0,'2004-06-24 19:50:36'),(74,74,74,'Eum ducimus aut sed officiis tempora quia. Quae qui voluptas ab unde ea. Temporibus laboriosam illo repellat alias provident nisi.',0,0,'1997-02-17 03:40:01'),(75,75,75,'Et veritatis repellendus optio ut et laboriosam consequatur. Rerum quasi exercitationem incidunt vitae optio voluptatem. Numquam nostrum quibusdam ullam corrupti molestiae. Dignissimos repudiandae velit magnam dolores ducimus.',1,1,'2018-04-29 16:04:42'),(76,76,76,'Deserunt et reprehenderit velit consequuntur rerum molestiae voluptates. Iste laborum vitae tempore est velit facilis. Molestias eos enim enim suscipit quae ab ut.',0,1,'2012-05-30 14:06:38'),(77,77,77,'Animi odit animi exercitationem explicabo corrupti cumque. Voluptatem magnam vel ab ducimus. Incidunt neque minus culpa qui ipsum.',1,1,'1997-06-18 00:02:34'),(78,78,78,'Et et non iure velit voluptatem. Beatae dolorem qui sint quos commodi accusamus dignissimos. Minus dolor neque qui distinctio velit ipsum enim. Deleniti enim hic alias sed sunt. Qui porro ex officiis temporibus.',1,0,'2012-01-18 14:06:55'),(79,79,79,'Ipsum quo ab autem impedit odit voluptas autem. Quia et nesciunt labore et neque est pariatur. Itaque magnam doloribus laboriosam rerum aut. Asperiores labore sequi sequi quia eligendi.',1,1,'1997-01-30 20:29:17'),(80,80,80,'Alias voluptatem repudiandae itaque dolor omnis et. Iste numquam consequuntur velit voluptatum ad quo animi. Rerum repellat modi totam aut in omnis. Consequatur et qui cupiditate voluptates sunt ut rem autem.',0,0,'1981-03-31 01:30:51'),(81,81,81,'Inventore voluptas eligendi ipsam molestiae quod mollitia sed. Voluptates aut nihil omnis quo reprehenderit libero. Officia quaerat et dolorum enim nobis odit sapiente mollitia. Esse voluptate distinctio libero delectus velit ipsum facere.',1,0,'1993-01-14 23:04:31'),(82,82,82,'Porro adipisci quia voluptatibus quo laborum vitae accusamus. Porro pariatur animi eos ex nisi.',0,1,'1998-12-08 03:02:26'),(83,83,83,'Ut consequatur quidem consequatur nihil. Eaque sunt doloribus ipsam quo id. Maxime sed aliquam optio ipsam explicabo.',1,0,'1975-03-09 11:16:12'),(84,84,84,'Aut nisi error tempore molestiae. Aut maxime repellendus labore ut atque dolorem. In similique doloremque explicabo cupiditate illo. Deserunt voluptatum aliquam laborum velit.',1,1,'2016-01-14 02:04:30'),(85,85,85,'At maxime in voluptatem praesentium aspernatur tempora. Ea qui eos rem eos molestiae tempora. Suscipit sunt vel est iste deleniti laborum voluptatum temporibus.',1,0,'2003-11-10 09:55:34'),(86,86,86,'Doloremque iste qui autem deserunt. Qui voluptas eveniet aut tenetur exercitationem reiciendis voluptate. Modi temporibus nihil praesentium omnis magni ut sunt veniam. Dolores recusandae dolorem facere.',1,0,'1987-12-01 14:16:15'),(87,87,87,'Impedit ut doloribus sapiente ullam in. Sed impedit eligendi earum id. Sed ea odit nemo labore suscipit eum.',0,0,'1999-09-10 08:16:52'),(88,88,88,'Nemo minus nostrum ut accusamus perspiciatis. Cum ducimus qui deleniti neque. Sint aperiam id cum fugit illo.',1,1,'1981-01-28 11:27:44'),(89,89,89,'Et quam deserunt eos neque omnis quos. Non quia odio praesentium consequatur possimus qui.',0,0,'1982-08-29 21:31:19'),(90,90,90,'At totam aut iste error a aperiam et. Et necessitatibus nesciunt velit veniam voluptatem placeat. Inventore molestias quidem praesentium et autem dolorem maxime qui.',1,0,'1997-03-15 19:57:04'),(91,91,91,'Distinctio in fugiat nulla reiciendis in. Ut ut in animi placeat assumenda assumenda non. Dolor blanditiis provident iusto id.',1,0,'2014-10-07 10:34:13'),(92,92,92,'Dolores aperiam sint illum. Sed veritatis aliquid eum iure architecto voluptatem. Veniam at at vel ex et ea laboriosam.',0,0,'2009-05-19 20:21:01'),(93,93,93,'Temporibus molestias et ipsa dignissimos cum voluptatum. Ut cumque eum possimus vitae rem deserunt expedita. Aut sint recusandae reiciendis.',0,0,'2016-01-11 16:20:18'),(94,94,94,'Voluptas repellendus adipisci ratione provident non. Qui sit libero nisi quibusdam accusamus. Velit et voluptatem qui dolorum. Sed doloremque tempora harum quas corrupti autem ratione.',1,0,'2012-05-31 16:31:51'),(95,95,95,'Tempora earum iure aut officiis quasi deleniti rerum. Et voluptas quo et quibusdam non.',1,1,'2010-01-29 06:14:30'),(96,96,96,'Est est sint at nemo quod laborum et. Incidunt suscipit provident vero aut.',0,1,'1993-03-11 10:58:31'),(97,97,97,'Quia cum omnis exercitationem consequuntur nostrum. Velit quisquam est dolore repellendus.',0,0,'2013-12-28 13:54:57'),(98,98,98,'Asperiores libero dolor nisi consequuntur et. Ea impedit voluptatem mollitia nulla. Totam ex mollitia velit.',1,1,'1993-01-19 03:19:44'),(99,99,99,'Ea voluptas ullam necessitatibus officia ut error eius. Provident sint culpa quasi placeat non quos provident. Dolore atque maiores assumenda non autem in nulla dolorem. Dolores laborum et reprehenderit aut.',1,0,'2007-09-01 19:04:12'),(100,100,100,'Assumenda aliquid quod aperiam soluta qui ipsam. Quis a alias et ducimus fugit ea. Officia nobis reiciendis distinctio autem.',1,0,'2001-02-26 06:05:54');
/*!40000 ALTER TABLE `messages` ENABLE KEYS */;
UNLOCK TABLES;

--
-- Table structure for table `profiles`
--

DROP TABLE IF EXISTS `profiles`;
/*!40101 SET @saved_cs_client     = @@character_set_client */;
/*!50503 SET character_set_client = utf8mb4 */;
CREATE TABLE `profiles` (
  `user_id` int unsigned NOT NULL COMMENT 'Ссылка на пользователя',
  `gender` char(1) CHARACTER SET utf8mb4 COLLATE utf8mb4_unicode_ci NOT NULL COMMENT 'Пол',
  `birthday` date DEFAULT NULL COMMENT 'Дата рождения',
  `city` varchar(130) CHARACTER SET utf8mb4 COLLATE utf8mb4_unicode_ci DEFAULT NULL COMMENT 'Город проживания',
  `country` varchar(130) CHARACTER SET utf8mb4 COLLATE utf8mb4_unicode_ci DEFAULT NULL COMMENT 'Страна проживания',
  `last_login` datetime DEFAULT NULL COMMENT 'Последний вход в систему',
  `created_at` datetime DEFAULT CURRENT_TIMESTAMP COMMENT 'Время создания строки',
  `updated_at` datetime DEFAULT CURRENT_TIMESTAMP ON UPDATE CURRENT_TIMESTAMP COMMENT 'Время обновления строки',
  PRIMARY KEY (`user_id`)
) ENGINE=InnoDB DEFAULT CHARSET=utf8mb4 COLLATE=utf8mb4_unicode_ci COMMENT='Профили';
/*!40101 SET character_set_client = @saved_cs_client */;

--
-- Dumping data for table `profiles`
--

LOCK TABLES `profiles` WRITE;
/*!40000 ALTER TABLE `profiles` DISABLE KEYS */;
INSERT INTO `profiles` VALUES (1,'a','1990-07-08','Romaguerafurt','Palestinian Territory','2009-02-03 01:30:29','1996-09-12 11:33:54','1987-02-21 18:43:20'),(2,'c','2006-12-16','Heidenreichshire','Mexico','1996-06-02 08:32:04','1987-05-15 20:09:31','2008-05-22 00:22:46'),(3,'c','2005-10-08','West Crawfordland','Cambodia','1980-05-29 05:38:37','1992-04-04 09:41:03','2003-04-24 19:38:10'),(4,'a','2009-12-03','New Wava','Australia','2005-10-03 00:36:46','1980-09-26 01:01:52','2014-11-23 03:38:31'),(5,'a','1982-11-25','Port Oceane','Belgium','2006-11-22 19:45:06','2007-07-27 12:33:13','1971-04-10 00:09:34'),(6,'c','2010-12-21','Port Rosemary','France','1982-09-03 12:03:23','1995-09-12 00:58:33','2019-11-28 15:02:03'),(7,'b','1986-02-25','South Brandy','Georgia','2019-04-30 05:39:48','2003-06-08 22:56:13','1995-02-27 08:09:23'),(8,'b','1979-07-05','South Einochester','Chad','1994-06-23 10:26:34','2020-10-17 20:36:28','1970-05-17 16:58:53'),(9,'a','1982-09-16','Schultztown','Anguilla','1996-09-10 20:08:45','1994-10-28 08:38:40','1986-05-02 01:21:01'),(10,'b','2020-01-15','Port Alyson','Saint Pierre and Miquelon','1975-05-02 07:16:36','2016-05-14 02:05:55','2015-06-23 04:54:28'),(11,'a','2017-02-11','Ferryburgh','Wallis and Futuna','1995-03-27 15:19:05','2001-03-14 03:55:35','1985-05-29 19:04:30'),(12,'b','1974-06-06','Shadstad','Brazil','1990-08-20 23:32:03','1985-11-12 17:58:41','2017-08-13 02:24:54'),(13,'b','2004-07-18','Kellenshire','United States of America','1997-12-20 15:59:58','2019-09-05 03:36:42','2002-10-26 06:46:10'),(14,'c','1999-07-24','Murazikchester','Czech Republic','1992-04-11 16:22:39','1986-11-05 21:46:19','2003-01-22 08:02:10'),(15,'a','2001-12-31','Lamontville','Papua New Guinea','1979-04-18 19:51:47','1971-10-02 03:29:21','1971-06-27 22:41:08'),(16,'c','1999-09-03','South Titus','Ecuador','2020-03-18 20:03:50','2004-06-15 18:00:37','1995-07-08 02:13:07'),(17,'a','1985-12-24','Dimitriton','Montserrat','1975-04-06 15:37:12','2007-11-24 23:21:33','1972-05-26 12:51:29'),(18,'b','2015-04-10','East Tate','Tokelau','2005-09-23 14:11:08','1975-03-11 12:10:03','2009-03-24 00:19:39'),(19,'c','1991-08-06','South Tillmanfort','Niue','1999-07-23 20:42:53','1988-08-10 19:11:31','1976-06-26 07:55:12'),(20,'b','2018-07-25','Lake Kristoffer','Dominican Republic','2010-10-20 01:21:12','1970-09-19 05:50:27','1990-02-17 05:33:47'),(21,'c','1989-03-19','West Elijah','Macedonia','1992-06-20 02:25:52','1985-02-08 04:05:55','2014-01-01 21:34:24'),(22,'a','1995-09-30','Lake Peyton','Ethiopia','2011-09-23 16:42:17','1996-08-06 20:13:20','1991-01-07 06:54:19'),(23,'b','1990-06-13','Vivianechester','Vanuatu','1998-09-06 06:53:48','1987-07-09 11:48:06','1971-01-28 11:24:16'),(24,'b','2000-12-18','Hackettmouth','Mauritius','2020-05-08 01:55:07','1986-03-02 03:15:41','1984-11-09 01:53:23'),(25,'c','1986-12-11','Shemarberg','Libyan Arab Jamahiriya','2012-03-28 10:06:31','2015-12-31 21:44:51','2019-12-07 07:48:29'),(26,'a','1976-07-19','Carsonside','Sudan','1992-12-31 01:33:15','1975-02-19 14:32:20','1982-03-01 11:45:46'),(27,'b','1986-04-12','North Johnathon','India','2004-12-01 02:03:38','1996-06-11 03:19:24','2013-09-04 16:22:03'),(28,'a','1982-10-27','Brigittestad','Germany','1976-02-21 09:10:22','1977-06-18 14:50:27','2001-09-07 21:21:26'),(29,'b','2011-06-02','Lake Maiya','Puerto Rico','1983-01-15 04:57:26','1991-01-15 09:41:38','1974-02-01 04:15:41'),(30,'c','1984-05-17','North Katheryn','Monaco','2001-12-20 23:02:06','1987-07-25 16:33:17','1984-02-06 16:08:08'),(31,'a','2014-05-22','South Alexis','Cocos (Keeling) Islands','1976-03-01 05:41:34','1980-03-11 23:27:40','1991-01-27 04:05:52'),(32,'b','2004-07-26','Bridiechester','Cameroon','1992-01-01 09:10:44','2009-11-01 18:06:11','2000-09-05 13:16:31'),(33,'b','1981-03-10','Anabellebury','Holy See (Vatican City State)','2000-02-19 13:41:01','2018-09-11 00:03:15','1999-09-05 12:31:22'),(34,'c','1970-08-19','Julianastad','Cyprus','2005-01-12 04:45:45','1987-03-17 19:28:01','2018-08-22 14:38:09'),(35,'c','1974-05-14','North Bianka','San Marino','2018-08-08 17:40:56','2008-07-13 23:33:32','2013-12-31 04:51:35'),(36,'b','2008-01-28','Port Armand','United Arab Emirates','2000-08-06 19:09:52','2002-04-04 09:15:14','1975-04-28 17:50:28'),(37,'a','1985-07-18','Port Angie','Burkina Faso','1988-06-01 12:30:46','2019-09-24 15:13:50','1978-11-12 10:34:28'),(38,'b','1972-05-24','East Katarinaview','Bahrain','1981-02-09 00:34:08','1997-06-12 12:05:12','1997-02-18 15:31:13'),(39,'b','1975-06-01','Godfreyburgh','Nicaragua','2015-11-28 20:03:56','1980-12-01 04:57:21','1989-09-23 15:36:53'),(40,'b','1983-06-16','West Earnestmouth','Marshall Islands','2018-11-04 04:56:36','2002-04-14 19:00:23','1990-08-25 00:12:24'),(41,'a','2001-02-13','North Mafalda','Philippines','1975-05-28 08:30:19','2020-09-06 10:48:11','2020-04-17 15:05:48'),(42,'a','1992-11-28','New Adrien','Sri Lanka','2020-07-06 06:00:40','1990-09-14 12:00:30','1994-08-28 13:17:48'),(43,'c','2003-08-21','Port Jackborough','Russian Federation','2017-12-31 07:16:36','1996-06-26 19:33:17','2019-10-21 08:38:06'),(44,'b','1975-02-20','North Laneymouth','Austria','2003-02-04 01:06:10','1985-10-31 19:54:57','2020-03-30 22:45:37'),(45,'a','1981-03-06','South Isadore','Antigua and Barbuda','1998-12-02 20:01:50','1991-10-16 12:25:12','2018-02-19 19:32:35'),(46,'c','1978-02-14','North Donavon','Serbia','1975-01-15 07:53:57','1975-10-06 16:28:12','2011-01-19 17:19:35'),(47,'a','2004-04-18','Lake Halburgh','United States of America','1996-10-12 07:55:28','2001-01-06 02:47:14','1984-04-15 08:13:36'),(48,'c','2017-03-09','Bartellfurt','Guernsey','2010-03-08 06:21:57','1976-04-17 08:30:31','2008-11-22 19:32:21'),(49,'c','1978-12-27','New Reinhold','Burkina Faso','2002-07-02 15:47:41','1984-06-21 12:44:07','2019-03-31 01:43:03'),(50,'a','2019-06-08','North Cordelia','Solomon Islands','1991-08-12 21:29:33','1993-02-01 06:19:15','1989-02-07 00:12:20'),(51,'c','1979-09-14','Lake Stuart','Ecuador','1972-08-25 22:13:10','1973-05-05 19:04:12','1992-09-22 17:24:19'),(52,'b','1992-05-01','Alanastad','Morocco','1984-03-13 08:44:15','2002-06-15 03:32:53','2010-12-12 13:18:58'),(53,'a','1982-01-26','Alvahmouth','Monaco','1987-09-11 01:54:00','1975-04-05 01:53:41','1976-08-22 09:03:51'),(54,'b','2020-03-04','Catharinemouth','Sri Lanka','2010-11-10 03:46:12','2008-04-19 00:06:00','1996-09-23 14:28:49'),(55,'c','1972-03-22','Christianaton','Peru','1981-09-16 15:21:21','1989-07-06 23:37:42','1976-11-13 03:15:57'),(56,'c','1986-10-27','North Felix','Barbados','2000-10-02 09:10:06','2019-06-10 23:26:20','2021-01-21 21:38:13'),(57,'c','2012-07-06','North Willside','Azerbaijan','2007-07-03 19:39:44','1991-08-06 06:53:50','1977-02-27 10:23:19'),(58,'c','1985-11-11','North Minnieport','Korea','2005-12-23 16:22:18','1975-04-17 23:04:29','1973-01-04 06:01:24'),(59,'b','1976-01-17','Veronicaside','Portugal','2017-01-28 18:07:18','1977-01-29 04:41:02','1988-07-01 01:41:29'),(60,'b','1989-08-22','West Wainoton','Svalbard & Jan Mayen Islands','1993-10-01 14:26:36','1981-10-30 17:18:21','1977-12-02 16:38:58'),(61,'c','1971-08-13','Dibbertberg','Cote d\'Ivoire','1987-08-29 00:08:52','2000-06-24 03:04:12','1983-02-05 15:36:49'),(62,'c','2010-02-17','West Maureenview','Tonga','2017-06-24 19:31:39','1992-06-06 21:45:55','2001-06-23 14:22:12'),(63,'b','1978-12-16','Lake Cecil','Romania','1982-08-17 03:50:51','1974-03-24 02:06:46','2001-07-22 12:06:30'),(64,'c','1995-06-26','New Friedrich','Honduras','2019-09-18 20:53:35','1991-01-17 23:47:53','1994-04-09 22:52:45'),(65,'b','1998-04-16','Kilbackfurt','Italy','1979-11-12 19:41:53','1970-09-17 11:10:44','2009-08-30 05:50:24'),(66,'b','2014-11-19','Nicolasport','Northern Mariana Islands','1970-05-14 12:22:13','2018-07-17 10:03:47','1983-11-17 23:42:39'),(67,'a','1988-05-08','North Mallieborough','Malawi','1996-04-24 05:52:52','2011-10-19 02:14:27','1984-06-21 23:58:07'),(68,'c','1977-09-10','Lubowitzmouth','El Salvador','1988-01-26 03:59:50','1990-12-30 11:55:36','1977-12-14 01:40:40'),(69,'a','1974-07-30','Framiside','Northern Mariana Islands','1991-02-09 19:11:18','1976-01-25 15:23:17','1996-10-24 11:39:16'),(70,'b','2020-07-15','Rosamondside','Spain','1981-09-15 07:06:15','1987-08-12 01:58:00','2021-01-06 20:46:33'),(71,'a','2019-10-15','Port Romamouth','Ukraine','2006-07-17 13:22:44','2012-02-22 21:00:58','2004-02-13 07:44:32'),(72,'c','2009-02-15','New Ellsworth','Azerbaijan','1972-03-05 18:22:40','1986-04-18 02:40:56','2006-04-26 17:30:50'),(73,'a','2018-01-02','Hahnborough','Syrian Arab Republic','1994-03-12 10:25:40','1974-05-24 16:16:03','2000-06-19 05:36:40'),(74,'b','2006-09-26','Murphyburgh','Burundi','2009-03-27 14:32:17','1987-10-10 07:00:04','1995-08-31 06:19:52'),(75,'c','1974-06-04','Eldoraton','Italy','2006-07-31 04:13:47','1980-02-05 01:39:54','1983-07-30 17:18:01'),(76,'a','1991-06-13','Dorishaven','Cuba','1980-12-11 13:27:02','1982-05-25 13:31:54','1984-02-07 09:03:42'),(77,'b','2011-07-21','Andersonmouth','Norfolk Island','1970-03-30 12:41:23','2018-05-29 21:52:41','2006-10-04 22:43:49'),(78,'a','1971-03-10','Karellehaven','Mauritius','1997-07-13 05:33:38','1971-04-18 09:36:42','2006-05-23 11:47:22'),(79,'a','1975-07-18','North Dayna','New Zealand','2015-02-06 04:15:30','1992-09-11 04:42:34','1990-05-15 12:44:32'),(80,'c','1997-11-11','Wittingbury','Cameroon','2016-08-10 04:25:53','2010-07-05 16:48:31','1984-04-16 00:03:26'),(81,'a','1987-12-06','Port Pascalestad','Mozambique','2001-10-29 00:15:04','2002-01-10 08:13:05','2013-01-26 23:38:30'),(82,'c','2001-09-30','Beattymouth','Monaco','2014-06-11 14:58:35','2004-10-27 05:43:22','1996-06-11 13:42:58'),(83,'b','2000-12-08','Kaleighfurt','Sri Lanka','2018-12-18 19:31:30','1984-12-24 12:43:55','2001-07-24 05:38:05'),(84,'b','1979-06-17','Port Cassandrafurt','Albania','1989-10-17 14:58:45','2002-01-15 08:40:58','2012-09-03 02:39:45'),(85,'b','2001-11-24','Monahanhaven','Guam','2003-01-30 00:17:47','1988-04-24 16:54:14','2012-12-04 04:40:53'),(86,'a','1977-10-20','West Torrey','Liberia','1998-05-19 10:30:47','1983-05-04 15:23:26','1970-11-15 22:55:40'),(87,'a','1991-03-05','New Antonette','Norway','1989-07-10 21:04:11','2004-10-11 20:41:31','2019-10-06 11:42:33'),(88,'c','2006-02-16','Stromanport','Liberia','1984-12-31 03:48:06','1987-01-10 06:40:23','1983-02-03 06:07:50'),(89,'b','1979-10-06','Ernserbury','Thailand','1977-04-23 20:35:16','1972-09-08 22:00:28','2007-04-01 05:23:54'),(90,'b','1999-07-10','Lake Johannburgh','Sri Lanka','1977-05-28 07:45:09','2006-08-07 16:10:51','2017-02-07 00:15:02'),(91,'b','1982-01-24','New Haroldchester','Kiribati','2014-08-04 10:38:21','2012-08-07 07:34:24','1988-11-20 23:17:23'),(92,'b','1996-03-14','Lake Garfield','Kyrgyz Republic','2008-10-06 10:01:36','1987-10-15 11:24:40','2006-01-19 14:28:03'),(93,'a','2005-10-06','North Berneicehaven','Belgium','2020-01-24 15:51:27','2009-08-22 10:46:40','2017-06-11 13:20:00'),(94,'b','2003-03-11','New Jerod','Micronesia','2014-02-04 14:37:14','1985-02-04 07:52:08','1997-03-27 08:09:12'),(95,'a','2011-06-21','Nikoview','Turks and Caicos Islands','1970-03-14 13:58:35','2000-10-11 02:30:24','1986-10-28 22:23:59'),(96,'c','2002-04-20','Simfort','Reunion','2017-02-07 03:00:52','1984-08-22 21:55:48','1985-07-17 13:51:41'),(97,'c','1996-03-07','Lake Otha','Seychelles','1976-10-02 08:18:13','1984-09-25 16:58:52','2000-09-24 18:25:46'),(98,'a','2001-11-19','North Vladimir','Tuvalu','1979-01-28 19:31:01','1976-02-13 13:05:37','2009-02-02 00:46:10'),(99,'b','1973-10-19','Lake Ola','Cook Islands','2007-07-11 11:25:47','1977-03-02 15:01:28','1996-09-14 03:47:04'),(100,'a','2018-07-02','Runolfsdottirfort','Iran','1976-06-21 03:30:34','1980-02-14 00:46:43','1978-01-26 10:30:17');
/*!40000 ALTER TABLE `profiles` ENABLE KEYS */;
UNLOCK TABLES;

--
-- Table structure for table `users`
--

DROP TABLE IF EXISTS `users`;
/*!40101 SET @saved_cs_client     = @@character_set_client */;
/*!50503 SET character_set_client = utf8mb4 */;
CREATE TABLE `users` (
  `id` int unsigned NOT NULL AUTO_INCREMENT COMMENT 'Идентификатор строки',
  `first_name` varchar(100) CHARACTER SET utf8mb4 COLLATE utf8mb4_unicode_ci NOT NULL COMMENT 'Имя пользователя',
  `last_name` varchar(100) CHARACTER SET utf8mb4 COLLATE utf8mb4_unicode_ci NOT NULL COMMENT 'Фамилия пользователя',
  `email` varchar(100) CHARACTER SET utf8mb4 COLLATE utf8mb4_unicode_ci NOT NULL COMMENT 'Почта',
  `phone` varchar(100) CHARACTER SET utf8mb4 COLLATE utf8mb4_unicode_ci NOT NULL COMMENT 'Телефон',
  `created_at` datetime DEFAULT CURRENT_TIMESTAMP COMMENT 'Время создания строки',
  `updated_at` datetime DEFAULT CURRENT_TIMESTAMP ON UPDATE CURRENT_TIMESTAMP COMMENT 'Время обновления строки',
  PRIMARY KEY (`id`),
  UNIQUE KEY `email` (`email`),
  UNIQUE KEY `phone` (`phone`)
) ENGINE=InnoDB AUTO_INCREMENT=101 DEFAULT CHARSET=utf8mb4 COLLATE=utf8mb4_unicode_ci COMMENT='Пользователи';
/*!40101 SET character_set_client = @saved_cs_client */;

--
-- Dumping data for table `users`
--

LOCK TABLES `users` WRITE;
/*!40000 ALTER TABLE `users` DISABLE KEYS */;
INSERT INTO `users` VALUES (1,'Dangelo','Gislason','sidney.altenwerth@example.com','06296519398','1987-02-06 16:29:28','2019-10-02 02:06:57'),(2,'Camila','Goldner','crona.tressie@example.net','018-378-1383','1978-04-26 15:50:50','1995-10-08 06:28:34'),(3,'Newell','Senger','wiza.enid@example.net','731-340-4614x3075','1986-10-22 18:02:31','2014-12-03 19:42:55'),(4,'Robin','Russel','schoen.lilyan@example.com','148-609-6444x792','1974-10-03 18:40:43','1994-02-15 11:56:49'),(5,'Marcelina','Jakubowski','roy.watsica@example.org','1-538-328-2743x982','2008-02-10 03:28:42','1993-04-09 16:36:52'),(6,'Kaelyn','Schmidt','gutmann.christopher@example.org','(781)137-8433x549','1984-04-25 02:49:11','1997-07-26 16:41:34'),(7,'Jennifer','Price','marco31@example.net','752-630-2058','2016-10-18 14:26:00','1985-01-19 09:03:51'),(8,'Rosamond','Bednar','armstrong.oliver@example.net','(261)187-2547','1987-02-10 20:56:34','2017-02-14 07:41:06'),(9,'Brigitte','Sauer','fpollich@example.org','(185)756-3625x1249','1972-12-15 22:21:24','1980-01-16 01:40:07'),(10,'Vincenza','McDermott','maureen.berge@example.com','377-011-4264','2000-12-28 04:40:09','1987-12-19 07:01:16'),(11,'Bernie','Wyman','maryam06@example.org','986-072-2913x2031','1988-12-07 10:22:01','1972-07-18 14:54:11'),(12,'Ofelia','Stark','delbert98@example.org','1-781-210-8895x80462','1977-03-26 13:53:55','1974-09-14 08:28:47'),(13,'Lon','Reichel','presley.hessel@example.org','(621)983-2598','1977-03-29 15:05:32','2012-04-10 17:36:49'),(14,'Brooklyn','Boyle','rempel.dewitt@example.org','(749)191-6684x14141','1981-08-20 08:13:00','2017-03-06 03:07:23'),(15,'Garnet','Jacobi','ava.will@example.com','1-183-343-4674x694','1990-07-13 15:28:59','1993-08-29 11:00:32'),(16,'Chester','Stamm','xdurgan@example.org','+98(7)4654245337','2007-08-10 08:24:28','2009-02-16 17:32:47'),(17,'Arvilla','McLaughlin','vkilback@example.com','1-566-701-4629','1995-07-08 17:29:14','2011-07-22 19:00:30'),(18,'Cesar','Thompson','koss.mark@example.com','542-543-0267x347','1999-12-19 13:56:11','2016-04-07 16:33:09'),(19,'Arch','Langosh','luther54@example.org','04921976919','2011-02-15 03:11:05','1979-04-03 20:56:48'),(20,'Rogelio','Becker','jan88@example.com','(310)921-3675','1983-01-29 13:44:37','1983-08-20 09:30:13'),(21,'Bonnie','Gorczany','lyda98@example.com','1-996-099-7008x574','2000-12-25 00:15:24','2005-09-05 18:20:29'),(22,'Aracely','Cummerata','corene24@example.org','260.519.4620x66814','2015-05-22 00:04:50','1987-08-04 20:01:43'),(23,'Lane','Pacocha','gerson46@example.net','152-243-9506','1996-06-25 03:58:11','1976-08-24 04:46:50'),(24,'Alfred','Schmeler','barton.ambrose@example.com','+60(9)6980251520','1971-06-16 15:14:54','1992-02-02 20:57:44'),(25,'Lane','Toy','kub.brook@example.com','(638)522-5499','2011-01-25 04:18:47','1991-06-03 04:02:22'),(26,'Lura','Rutherford','kwehner@example.org','09668094472','2007-12-13 10:06:03','1974-12-24 07:35:03'),(27,'Katherine','O\'Conner','blanda.hassie@example.net','485-038-1362x2712','1983-10-20 18:26:14','2017-11-04 00:54:00'),(28,'Gavin','Christiansen','bjohnson@example.net','176.096.3455x335','1985-05-06 19:14:06','2001-10-28 06:07:29'),(29,'Carolyn','Stark','frederic.adams@example.net','731-431-2488','2001-07-07 10:16:22','2006-07-10 19:29:03'),(30,'Gail','Hilll','herzog.sidney@example.com','(564)412-6013x651','2015-10-23 08:21:27','1995-04-04 15:22:30'),(31,'Adah','Bosco','zlesch@example.com','(529)849-2864x610','1973-11-23 21:00:03','1986-09-07 14:58:31'),(32,'Betsy','Torp','qdurgan@example.com','801-498-4828x167','1990-04-21 03:36:22','1974-01-08 14:39:17'),(33,'Julien','Halvorson','pgulgowski@example.org','753-487-2130x351','1999-04-24 09:05:01','1983-08-10 00:07:39'),(34,'Hudson','Padberg','renner.colt@example.net','1-565-138-3923x1037','2000-06-08 22:36:56','1987-08-02 18:01:17'),(35,'Lucious','Armstrong','fay.johnathan@example.org','(672)751-2584','1989-07-30 12:33:06','2010-05-31 20:40:59'),(36,'Arnaldo','Upton','elian12@example.org','1-412-602-5410x166','1988-02-13 09:31:23','2004-06-30 12:55:07'),(37,'Evie','Kuphal','akeem91@example.com','612.803.2451x662','2002-06-27 07:30:41','1991-02-21 16:55:26'),(38,'Alejandra','Bogisich','hbergnaum@example.com','(820)151-2058','1999-09-25 21:43:33','2019-07-28 04:44:43'),(39,'Reymundo','Emmerich','angel.hermann@example.org','107-850-5530','2017-03-22 01:31:52','2020-12-12 12:51:15'),(40,'Rosemary','Larkin','kerluke.remington@example.com','705-735-9889x3617','1978-09-05 17:25:43','1977-09-07 00:51:16'),(41,'Kyle','Durgan','douglas.cremin@example.org','443.949.4619','1987-03-05 22:40:05','2002-06-15 00:06:19'),(42,'Christa','Torp','fiona.renner@example.com','153.553.8487x1030','2014-05-28 19:00:35','1987-12-19 18:04:03'),(43,'Dolores','Marquardt','gerhold.anissa@example.org','847.293.4141','1994-09-03 20:56:21','2007-01-27 17:37:49'),(44,'Sydnie','Rogahn','erling36@example.com','302-209-7537','2018-02-08 00:12:18','1983-01-22 19:23:59'),(45,'Darrell','Effertz','jefferey96@example.org','890-051-7289x125','2016-05-29 00:29:26','1992-04-19 04:51:21'),(46,'Elvis','Trantow','ghowe@example.org','+52(0)7922170305','2015-12-17 09:07:28','2016-03-02 01:25:51'),(47,'Alison','Effertz','skyla66@example.org','411.362.9746','2015-10-31 05:39:00','1982-07-10 20:21:39'),(48,'Rogers','Schroeder','lwalker@example.org','1-488-071-2750x1385','2017-06-16 21:01:49','1990-12-25 12:24:42'),(49,'Marielle','Bernier','nschaden@example.com','(552)267-1572x2795','2005-06-07 01:29:25','2006-08-05 03:33:38'),(50,'Vickie','Price','mireille.miller@example.com','+67(5)1546970406','1985-07-29 16:29:27','1985-05-12 23:11:08'),(51,'June','Rippin','hershel.kuhn@example.org','(251)218-6140x539','1998-04-25 12:04:58','1995-12-27 22:18:48'),(52,'Harmony','Kirlin','bartholome54@example.net','934-883-3689','2003-05-26 16:52:57','1991-08-28 10:35:06'),(53,'Mable','Hagenes','devonte.botsford@example.net','846.212.7435x937','1977-03-27 06:12:14','1978-05-28 16:45:29'),(54,'Haven','Halvorson','narciso.beier@example.net','(227)806-2235x91718','2017-02-13 17:30:11','1994-03-01 05:43:05'),(55,'Alfredo','Mraz','carli85@example.org','380.438.7666','2005-09-30 10:37:07','1976-06-17 20:25:19'),(56,'Nina','McCullough','ihalvorson@example.org','(264)983-1701x18408','1988-04-29 19:04:54','1982-12-16 10:54:16'),(57,'Javier','Witting','fleta74@example.org','(823)234-4051x79903','2008-01-03 21:47:03','1971-04-07 17:03:49'),(58,'Stephen','Abshire','wcremin@example.net','959.694.9218','1993-02-27 01:06:16','2018-12-07 20:39:52'),(59,'Brandi','Monahan','wilkinson.kylie@example.com','1-976-740-7565x9350','1976-08-15 22:10:07','2002-01-09 06:09:26'),(60,'Xander','Keeling','garret85@example.com','801.617.2675','1981-06-11 04:06:17','1995-11-07 19:07:14'),(61,'Mckenna','Trantow','lysanne40@example.com','730-498-0959x0199','2005-02-27 13:27:43','2017-06-08 09:46:25'),(62,'Joanny','Rohan','neil.welch@example.net','594.822.0436x9059','2019-09-14 08:37:52','1977-11-23 07:33:15'),(63,'Marty','Herman','aubree53@example.net','01408528780','1986-11-09 04:19:25','1976-09-23 08:09:37'),(64,'Elvera','Stanton','donnell93@example.org','(785)377-2770x9648','1971-12-20 13:52:29','2003-08-05 00:35:28'),(65,'Dion','Schowalter','stephany.schumm@example.com','+45(5)9727375992','1981-05-20 13:49:16','2005-08-24 13:16:47'),(66,'Hadley','Nikolaus','alda07@example.org','1-499-129-1225x1578','1980-04-30 17:46:07','2008-07-06 19:12:50'),(67,'Meagan','Quitzon','terry.lysanne@example.net','680.442.8369','2009-10-30 02:26:52','1985-03-02 05:59:12'),(68,'Dax','Graham','pinkie.huel@example.com','138-990-8426x7997','2017-06-08 16:35:02','2009-09-12 04:48:38'),(69,'Ted','Oberbrunner','xsmitham@example.com','(160)367-6568x262','1986-09-26 15:23:39','1997-05-02 13:54:05'),(70,'Emiliano','Yundt','olson.adelle@example.org','+25(0)4963958612','2011-03-03 15:26:19','1974-10-10 10:59:48'),(71,'Santino','Cormier','olson.candida@example.com','+34(1)6205698221','1975-11-24 07:53:52','2002-05-18 22:20:36'),(72,'Loma','Bartoletti','jayce.murphy@example.org','734.289.9387x227','1976-04-08 07:33:25','1978-12-20 08:39:40'),(73,'Katherine','Effertz','kmorissette@example.com','(351)772-9575','1982-09-25 18:35:29','1981-10-25 13:18:46'),(74,'Sammy','Marquardt','hosea.block@example.org','722.435.8583','2001-03-28 08:39:02','1971-01-06 13:31:44'),(75,'Ludwig','Dach','jonas81@example.net','252.904.4063x21306','1997-04-15 19:43:30','2014-11-27 08:26:32'),(76,'Merlin','Emard','towne.oliver@example.com','03176013192','1971-02-22 01:37:26','2010-09-20 13:28:45'),(77,'Elinore','Heidenreich','everardo.christiansen@example.net','1-620-070-9647x2267','1990-01-21 01:39:12','2017-11-10 22:18:17'),(78,'Joanie','Block','loyce.blanda@example.net','(389)735-0057x28717','2016-03-01 06:49:34','2009-12-20 13:50:52'),(79,'Wiley','Ledner','rutherford.douglas@example.net','06602628115','2014-02-09 05:31:58','2007-10-25 10:39:23'),(80,'Donald','Ryan','mitchell.torphy@example.org','(312)088-2206','1998-01-23 15:18:58','1986-02-20 21:58:05'),(81,'Cade','Brown','parker.dustin@example.com','424.183.5198x0695','1993-09-21 03:30:21','1988-05-28 16:23:36'),(82,'Elena','Thompson','mupton@example.org','399-567-6304','1994-03-02 17:01:33','1980-10-15 06:41:37'),(83,'Ken','Parisian','austyn.reilly@example.com','(582)622-4415','1980-10-15 23:31:16','1991-11-07 09:40:13'),(84,'Abbie','Ebert','block.ora@example.org','169.421.8775','2017-06-15 21:51:00','2017-10-26 18:03:29'),(85,'Minerva','Schaefer','ruth.bartell@example.com','902.616.4542x716','1985-01-16 22:04:25','1971-07-29 07:13:34'),(86,'Joanne','Walter','mkozey@example.com','09148972306','1983-04-28 08:13:55','1986-08-15 12:19:53'),(87,'Pasquale','O\'Kon','considine.rossie@example.net','(880)724-8437x448','2017-01-27 03:48:54','1992-09-29 07:17:05'),(88,'Millie','Jakubowski','abel.kassulke@example.com','080-832-6480','2020-12-16 04:21:08','1974-09-24 05:44:47'),(89,'Lorine','Nikolaus','gleason.ettie@example.org','372-149-8933x04376','1971-12-09 21:13:15','1995-03-21 08:26:37'),(90,'Casper','Torp','eldred.windler@example.org','760.174.8870x3667','2004-08-18 02:31:53','1989-10-29 05:46:32'),(91,'Icie','Keeling','evalyn39@example.com','09693231649','2009-10-24 12:54:10','1998-06-14 21:13:57'),(92,'Melyna','Aufderhar','ischroeder@example.net','807.422.0220x41858','2010-03-16 16:20:07','2011-02-24 10:09:35'),(93,'Agustina','Bernhard','quitzon.andreanne@example.com','1-421-319-9714x52500','2014-08-31 06:37:51','1981-06-01 15:16:48'),(94,'Providenci','Wisozk','rudy.strosin@example.net','316-951-7015x125','1972-04-23 17:48:19','2007-10-07 08:08:23'),(95,'Clemens','Becker','runolfsdottir.david@example.net','08141338852','1993-03-07 05:21:48','1980-09-20 00:14:10'),(96,'Hellen','Jakubowski','kaya.wuckert@example.com','399-289-9448','1976-03-09 00:01:28','2017-10-13 01:12:17'),(97,'Christy','Fisher','rita44@example.org','784-986-7485','2006-05-05 17:00:13','2000-01-13 09:21:47'),(98,'Gerda','Marks','xgreenfelder@example.org','1-220-937-0192x000','1975-12-02 18:59:38','1992-05-27 14:09:46'),(99,'Phoebe','Ortiz','gibson.antonetta@example.com','323-543-4395x7254','1994-07-17 18:01:43','2009-02-10 11:27:44'),(100,'Ines','Kautzer','schroeder.fatima@example.com','(564)224-5259x1334','1983-11-02 12:50:19','1995-02-13 10:30:38');
/*!40000 ALTER TABLE `users` ENABLE KEYS */;
UNLOCK TABLES;
/*!40103 SET TIME_ZONE=@OLD_TIME_ZONE */;

/*!40101 SET SQL_MODE=@OLD_SQL_MODE */;
/*!40014 SET FOREIGN_KEY_CHECKS=@OLD_FOREIGN_KEY_CHECKS */;
/*!40014 SET UNIQUE_CHECKS=@OLD_UNIQUE_CHECKS */;
/*!40101 SET CHARACTER_SET_CLIENT=@OLD_CHARACTER_SET_CLIENT */;
/*!40101 SET CHARACTER_SET_RESULTS=@OLD_CHARACTER_SET_RESULTS */;
/*!40101 SET COLLATION_CONNECTION=@OLD_COLLATION_CONNECTION */;
/*!40111 SET SQL_NOTES=@OLD_SQL_NOTES */;

-- Dump completed on 2021-03-10 17:05:48
