-- MySQL dump 10.13  Distrib 8.0.23, for Win64 (x86_64)
--
-- Host: localhost    Database: vk
-- ------------------------------------------------------
-- Server version	8.0.23

/*!40101 SET @OLD_CHARACTER_SET_CLIENT=@@CHARACTER_SET_CLIENT */;
/*!40101 SET @OLD_CHARACTER_SET_RESULTS=@@CHARACTER_SET_RESULTS */;
/*!40101 SET @OLD_COLLATION_CONNECTION=@@COLLATION_CONNECTION */;
/*!50503 SET NAMES utf8mb4 */;
/*!40103 SET @OLD_TIME_ZONE=@@TIME_ZONE */;
/*!40103 SET TIME_ZONE='+00:00' */;
/*!40014 SET @OLD_UNIQUE_CHECKS=@@UNIQUE_CHECKS, UNIQUE_CHECKS=0 */;
/*!40014 SET @OLD_FOREIGN_KEY_CHECKS=@@FOREIGN_KEY_CHECKS, FOREIGN_KEY_CHECKS=0 */;
/*!40101 SET @OLD_SQL_MODE=@@SQL_MODE, SQL_MODE='NO_AUTO_VALUE_ON_ZERO' */;
/*!40111 SET @OLD_SQL_NOTES=@@SQL_NOTES, SQL_NOTES=0 */;

--
-- Table structure for table `communities`
--

DROP TABLE IF EXISTS `communities`;
/*!40101 SET @saved_cs_client     = @@character_set_client */;
/*!50503 SET character_set_client = utf8mb4 */;
CREATE TABLE `communities` (
  `id` int unsigned NOT NULL AUTO_INCREMENT COMMENT 'Идентификатор сроки',
  `name` varchar(150) CHARACTER SET utf8mb4 COLLATE utf8mb4_unicode_ci NOT NULL COMMENT 'Название группы',
  `created_at` datetime DEFAULT CURRENT_TIMESTAMP COMMENT 'Время создания строки',
  `updated_at` datetime DEFAULT CURRENT_TIMESTAMP ON UPDATE CURRENT_TIMESTAMP COMMENT 'Время обновления строки',
  PRIMARY KEY (`id`),
  UNIQUE KEY `name` (`name`)
) ENGINE=InnoDB AUTO_INCREMENT=101 DEFAULT CHARSET=utf8mb4 COLLATE=utf8mb4_unicode_ci COMMENT='Группы';
/*!40101 SET character_set_client = @saved_cs_client */;

--
-- Dumping data for table `communities`
--

LOCK TABLES `communities` WRITE;
/*!40000 ALTER TABLE `communities` DISABLE KEYS */;
INSERT INTO `communities` VALUES (1,'excepturi','2019-04-09 06:44:10','1993-04-25 12:39:23'),(2,'dolores','2003-07-29 16:37:06','1970-11-15 08:59:11'),(3,'dolorem','2007-01-17 14:30:41','1982-12-04 23:57:07'),(4,'commodi','1976-09-01 18:24:17','2001-03-20 05:13:17'),(5,'aut','1977-06-09 11:22:45','2006-04-21 18:04:18'),(6,'assumenda','2012-12-01 11:50:39','2013-08-28 05:16:09'),(7,'omnis','2018-08-20 14:38:45','1987-01-31 23:07:24'),(8,'sunt','1980-05-18 08:44:16','1974-01-24 16:47:35'),(9,'delectus','2003-09-15 21:14:36','1975-04-21 22:44:56'),(10,'voluptas','2016-07-02 02:46:27','1995-12-26 23:42:18'),(11,'porro','2014-11-05 14:39:11','2006-01-15 00:14:40'),(12,'eius','1988-07-28 18:45:50','1995-11-02 13:07:30'),(13,'nihil','1976-03-07 13:40:20','1972-07-25 17:23:11'),(14,'quo','2015-11-29 23:50:40','2009-04-22 02:39:15'),(15,'neque','1976-04-14 06:59:05','1996-07-25 04:03:33'),(16,'ipsa','1995-09-07 15:32:52','2008-11-18 21:06:46'),(17,'maxime','1972-05-23 14:09:27','2003-11-21 12:10:41'),(18,'possimus','1981-07-31 17:08:02','1984-01-09 10:29:26'),(19,'in','2013-05-18 15:15:32','2018-01-31 09:30:29'),(20,'placeat','2007-06-22 18:14:26','1975-05-12 22:53:04'),(21,'quod','2019-09-21 07:22:00','1991-04-20 11:26:21'),(22,'sit','1998-11-13 06:27:35','1991-11-10 16:07:20'),(23,'quis','2021-01-04 22:51:03','1972-07-03 01:50:34'),(24,'ea','1996-09-01 18:12:31','1976-04-11 16:01:51'),(25,'repudiandae','1986-01-01 21:09:02','1996-08-01 05:32:57'),(26,'praesentium','2008-08-25 08:00:24','2010-03-30 08:48:01'),(27,'nobis','1995-02-06 14:47:54','1989-05-05 07:08:40'),(28,'exercitationem','1986-02-17 18:08:29','2006-09-08 11:35:52'),(29,'doloribus','1976-04-06 09:26:22','1977-06-02 07:56:24'),(30,'laboriosam','1982-09-10 02:55:19','1982-08-31 22:10:44');
/*!40000 ALTER TABLE `communities` ENABLE KEYS */;
UNLOCK TABLES;

--
-- Table structure for table `communities_users`
--

DROP TABLE IF EXISTS `communities_users`;
/*!40101 SET @saved_cs_client     = @@character_set_client */;
/*!50503 SET character_set_client = utf8mb4 */;
CREATE TABLE `communities_users` (
  `community_id` int unsigned NOT NULL COMMENT 'Ссылка на группу',
  `user_id` int unsigned NOT NULL COMMENT 'Ссылка на пользователя',
  `created_at` datetime DEFAULT CURRENT_TIMESTAMP COMMENT 'Время создания строки',
  PRIMARY KEY (`community_id`,`user_id`) COMMENT 'Составной первичный ключ'
) ENGINE=InnoDB DEFAULT CHARSET=utf8mb4 COLLATE=utf8mb4_unicode_ci COMMENT='Участники групп, связь между пользователями и группами';
/*!40101 SET character_set_client = @saved_cs_client */;

--
-- Dumping data for table `communities_users`
--

LOCK TABLES `communities_users` WRITE;
/*!40000 ALTER TABLE `communities_users` DISABLE KEYS */;
INSERT INTO `communities_users` VALUES (1,21,'1975-02-22 10:27:24'),(1,89,'2019-12-03 16:23:13'),(2,17,'1987-06-24 00:37:20'),(2,20,'1996-06-05 07:16:00'),(3,19,'2004-12-01 08:51:01'),(3,28,'2005-07-12 13:53:46'),(3,81,'2015-05-09 03:06:52'),(4,7,'1975-02-17 10:49:44'),(4,55,'1973-01-26 09:47:34'),(4,82,'2014-06-07 14:09:31'),(4,96,'1974-04-11 16:40:27'),(5,38,'2016-09-24 23:59:25'),(5,42,'1978-01-15 11:38:59'),(5,43,'1987-04-25 00:22:08'),(5,64,'1988-05-27 19:29:49'),(6,37,'1983-12-19 01:13:45'),(7,44,'1994-04-09 16:14:52'),(8,49,'1994-07-06 19:42:19'),(8,56,'1986-01-30 23:31:34'),(8,90,'1979-03-07 17:31:05'),(8,91,'2012-06-18 22:32:11'),(8,99,'1997-12-21 02:58:41'),(9,33,'1998-06-29 00:22:48'),(9,39,'1999-04-08 12:29:44'),(10,10,'2018-12-08 19:04:02'),(11,26,'1999-12-25 22:43:33'),(11,87,'2008-11-07 05:52:48'),(12,24,'1973-12-27 02:51:36'),(12,53,'1997-04-09 08:09:39'),(12,70,'1992-07-12 13:31:25'),(12,85,'2010-02-06 18:24:11'),(13,23,'2004-11-27 17:12:43'),(13,83,'1970-05-22 18:44:46'),(13,98,'1999-05-22 00:53:39'),(14,18,'1982-11-19 07:54:34'),(14,34,'2020-08-12 04:41:36'),(14,35,'2000-02-16 23:36:06'),(14,46,'1970-07-12 18:29:01'),(14,47,'2005-12-07 23:23:01'),(14,54,'2018-10-25 11:36:40'),(15,4,'1972-03-27 09:55:13'),(15,73,'2000-01-22 21:05:02'),(16,9,'1989-01-13 08:24:53'),(16,60,'2007-08-22 22:58:46'),(16,95,'2019-01-09 21:02:26'),(17,2,'2003-11-19 19:57:19'),(17,41,'2004-04-14 19:11:38'),(17,50,'1982-12-14 04:16:11'),(17,77,'1996-10-26 19:15:27'),(17,92,'1999-01-27 19:44:10'),(18,71,'1993-05-13 00:44:39'),(19,16,'1970-09-08 12:07:01'),(19,27,'2008-06-06 00:42:54'),(19,29,'2009-07-28 11:14:53'),(19,45,'2011-10-08 23:37:37'),(19,76,'2019-04-12 01:38:27'),(19,88,'1970-06-25 18:57:48'),(20,32,'2019-09-04 06:58:59'),(20,59,'2016-07-05 05:20:37'),(20,61,'1974-01-30 17:46:27'),(20,66,'1973-09-05 00:23:44'),(21,15,'2000-10-30 10:35:47'),(21,63,'1978-06-15 17:31:06'),(21,86,'2007-07-30 11:23:49'),(22,25,'1994-01-27 13:15:35'),(22,62,'1989-03-27 12:37:23'),(22,84,'1987-10-15 06:26:35'),(23,30,'2011-03-27 02:34:18'),(23,67,'2004-07-01 10:29:59'),(23,69,'1987-06-27 13:25:01'),(23,80,'1977-01-03 21:34:26'),(24,8,'2018-11-25 19:06:19'),(24,68,'2001-04-03 07:59:08'),(25,3,'1987-12-03 00:23:45'),(25,52,'2012-01-07 16:52:20'),(25,65,'1977-02-26 18:13:00'),(26,72,'2020-03-16 04:14:54'),(26,74,'1987-12-21 08:58:06'),(26,75,'2012-03-16 00:17:49'),(26,94,'1999-01-23 07:00:02'),(27,5,'1992-07-30 16:44:05'),(27,22,'1995-01-12 11:05:11'),(27,40,'1976-10-14 06:39:02'),(27,51,'2021-02-26 03:11:54'),(27,58,'2013-01-19 17:29:07'),(27,79,'1995-11-23 11:52:33'),(27,93,'2010-09-21 09:35:55'),(28,14,'1989-02-10 03:04:39'),(28,36,'2020-12-31 16:46:20'),(28,48,'1973-08-18 06:15:26'),(28,57,'1974-01-27 21:21:35'),(28,78,'2013-02-16 10:45:38'),(29,6,'1979-02-03 05:12:56'),(29,97,'2002-09-24 20:29:32'),(29,100,'2000-02-29 03:08:54'),(30,1,'1982-09-01 12:49:12'),(30,11,'2005-12-19 22:49:52'),(30,12,'2017-09-18 09:12:08'),(30,13,'1978-03-31 07:46:43'),(30,31,'1992-03-11 15:13:08');
/*!40000 ALTER TABLE `communities_users` ENABLE KEYS */;
UNLOCK TABLES;

--
-- Table structure for table `friendship`
--

DROP TABLE IF EXISTS `friendship`;
/*!40101 SET @saved_cs_client     = @@character_set_client */;
/*!50503 SET character_set_client = utf8mb4 */;
CREATE TABLE `friendship` (
  `user_id` int unsigned NOT NULL COMMENT 'Ссылка на инициатора дружеских отношений',
  `friend_id` int unsigned NOT NULL COMMENT 'Ссылка на получателя приглашения дружить',
  `friendship_status_id` int unsigned NOT NULL COMMENT 'Ссылка на статус (текущее состояние) отношений',
  `confirmed_at` datetime DEFAULT NULL COMMENT 'Время подтверждения приглашения',
  `created_at` datetime DEFAULT CURRENT_TIMESTAMP COMMENT 'Время создания строки',
  `updated_at` datetime DEFAULT CURRENT_TIMESTAMP ON UPDATE CURRENT_TIMESTAMP COMMENT 'Время обновления строки',
  PRIMARY KEY (`user_id`,`friend_id`) COMMENT 'Составной первичный ключ'
) ENGINE=InnoDB DEFAULT CHARSET=utf8mb4 COLLATE=utf8mb4_unicode_ci COMMENT='Таблица дружбы';
/*!40101 SET character_set_client = @saved_cs_client */;

--
-- Dumping data for table `friendship`
--

LOCK TABLES `friendship` WRITE;
/*!40000 ALTER TABLE `friendship` DISABLE KEYS */;
INSERT INTO `friendship` VALUES (1,16,3,'2021-03-27 02:25:58','2017-05-17 21:17:56','2021-03-27 02:25:59'),(1,37,1,'2021-03-27 02:25:58','2014-05-23 23:10:37','2021-03-27 02:25:59'),(1,50,1,'2000-05-26 04:19:46','1988-01-26 22:41:05','2021-03-27 02:25:59'),(2,7,1,'2021-03-27 02:25:58','2013-05-04 14:33:20','2021-03-27 02:25:59'),(4,37,1,'2006-01-09 18:02:20','1973-09-21 08:32:29','2021-03-27 02:25:59'),(5,11,2,'2021-03-27 02:25:58','2018-01-24 23:25:38','2021-03-27 02:25:59'),(6,36,1,'2021-03-27 02:25:58','2002-09-10 07:06:46','2021-03-27 02:25:59'),(6,98,3,'2019-01-07 06:50:22','1990-07-27 02:28:23','2021-03-27 02:25:59'),(7,11,3,'1996-07-20 09:03:21','1973-11-23 04:22:41','2021-03-27 02:25:59'),(8,9,2,'2016-12-12 10:47:56','2006-09-06 05:24:05','2021-03-27 02:25:59'),(9,30,2,'2021-03-27 02:25:58','2012-11-07 13:56:25','2021-03-27 02:25:59'),(9,68,3,'2021-03-27 02:25:58','2009-01-08 18:21:27','2021-03-27 02:25:59'),(11,54,1,'2021-03-27 02:25:58','2018-08-10 03:40:22','2021-03-27 02:25:59'),(13,61,2,'2021-03-27 02:25:58','2011-04-18 01:55:36','2021-03-27 02:25:59'),(16,31,2,'2017-11-13 07:47:31','2008-09-08 00:08:55','2021-03-27 02:25:59'),(16,56,2,'2019-11-03 19:50:12','2012-04-11 19:22:35','2021-03-27 02:25:59'),(17,38,3,'2021-03-27 02:25:58','1997-02-06 14:19:18','2021-03-27 02:25:59'),(18,8,2,'2010-09-11 13:07:15','2005-09-28 16:17:11','2021-03-27 02:25:59'),(20,4,3,'2017-08-05 15:47:15','1995-07-18 02:51:23','2021-03-27 02:25:59'),(21,79,1,'2021-03-27 02:25:58','2014-11-10 23:00:47','2021-03-27 02:25:59'),(22,74,3,'2018-08-28 10:29:54','1982-08-07 20:05:43','2021-03-27 02:25:59'),(23,98,1,'2011-07-02 10:23:51','2008-01-24 14:54:29','2021-03-27 02:25:59'),(24,2,1,'2021-03-27 02:25:58','1986-04-30 11:35:13','2021-03-27 02:25:59'),(24,39,1,'2021-03-27 02:25:58','2001-01-24 13:18:06','2021-03-27 02:25:59'),(25,35,1,'2005-03-14 05:50:02','1997-03-03 00:34:37','2021-03-27 02:25:59'),(27,12,2,'2021-03-27 02:25:58','2012-10-08 17:31:36','2021-03-27 02:25:59'),(28,51,1,'2021-03-27 02:25:58','1983-05-09 04:17:38','2021-03-27 02:25:59'),(30,11,1,'2021-03-27 02:25:58','2008-07-15 23:52:31','2021-03-27 02:25:59'),(30,33,1,'2021-03-27 02:25:58','1997-04-29 08:12:36','2021-03-27 02:25:59'),(34,1,1,'2021-03-27 02:25:58','1994-01-30 14:18:55','2021-03-27 02:25:59'),(35,40,3,'2021-03-27 02:25:58','2015-07-30 10:00:56','2021-03-27 02:25:59'),(36,52,1,'2021-03-27 02:25:58','1995-12-30 13:02:36','2021-03-27 02:25:59'),(37,35,1,'2015-05-14 06:21:45','1999-08-29 18:52:25','2021-03-27 02:25:59'),(37,62,2,'1993-10-27 06:59:54','1970-02-20 11:02:23','2021-03-27 02:25:59'),(37,77,1,'2021-03-27 02:25:58','2006-09-24 02:40:46','2021-03-27 02:25:59'),(38,2,1,'2010-03-18 20:03:33','1984-08-30 01:53:16','2021-03-27 02:25:59'),(38,80,3,'1976-11-29 20:56:59','1970-09-17 03:06:38','2021-03-27 02:25:59'),(39,78,3,'2021-03-27 02:25:58','2007-04-25 09:54:59','2021-03-27 02:25:59'),(40,37,1,'2021-03-27 02:25:58','2004-08-18 09:35:46','2021-03-27 02:25:59'),(43,78,1,'1984-07-21 04:54:10','1984-02-14 08:04:06','2021-03-27 02:25:59'),(47,36,1,'2021-03-27 02:25:58','2014-04-16 23:26:13','2021-03-27 02:25:59'),(47,65,2,'2021-03-27 02:25:58','2001-05-04 21:11:31','2021-03-27 02:25:59'),(47,76,2,'2021-03-27 02:25:58','1993-06-12 02:48:58','2021-03-27 02:25:59'),(48,88,2,'1991-03-03 21:01:13','1990-06-04 13:11:44','2021-03-27 02:25:59'),(50,96,3,'2021-03-27 02:25:58','1990-01-18 17:31:26','2021-03-27 02:25:59'),(50,100,1,'2014-05-06 20:32:29','1998-10-18 05:44:23','2021-03-27 02:25:59'),(51,30,1,'2016-08-09 02:22:27','1992-07-26 00:02:50','2021-03-27 02:25:59'),(54,38,1,'2015-02-27 20:01:22','2000-01-12 12:06:55','2021-03-27 02:25:59'),(59,63,3,'2021-03-27 02:25:58','2003-07-25 16:02:07','2021-03-27 02:25:59'),(60,83,3,'2011-06-20 19:42:49','1971-10-27 03:21:54','2021-03-27 02:25:59'),(61,93,2,'1999-06-02 16:08:33','1986-10-25 01:02:42','2021-03-27 02:25:59'),(61,96,3,'1998-08-06 22:47:24','1991-10-26 12:24:52','2021-03-27 02:25:59'),(62,34,2,'2021-03-27 02:25:58','2016-08-25 14:09:47','2021-03-27 02:25:59'),(62,40,3,'1986-02-19 21:07:02','1974-04-17 21:05:48','2021-03-27 02:25:59'),(62,75,2,'1988-08-15 05:37:40','1982-09-28 04:28:00','2021-03-27 02:25:59'),(62,77,1,'2021-03-27 02:25:58','2018-12-20 08:33:41','2021-03-27 02:25:59'),(62,99,3,'2021-03-27 02:25:58','2010-04-01 08:14:51','2021-03-27 02:25:59'),(63,8,1,'2021-03-27 02:25:58','2001-07-03 21:11:11','2021-03-27 02:25:59'),(65,10,3,'2021-03-27 02:25:58','2008-06-08 07:49:09','2021-03-27 02:25:59'),(65,11,2,'1999-12-01 13:50:34','1981-12-09 03:03:59','2021-03-27 02:25:59'),(65,72,3,'2021-03-27 02:25:58','2021-02-04 04:38:08','2021-03-27 02:25:59'),(66,7,1,'1997-08-30 22:58:06','1978-10-11 04:56:53','2021-03-27 02:25:59'),(67,50,1,'2003-01-20 21:34:45','1999-05-11 14:59:15','2021-03-27 02:25:59'),(67,61,1,'2021-03-27 02:25:58','1991-05-19 07:37:45','2021-03-27 02:25:59'),(67,99,1,'2020-09-15 14:21:03','2019-03-02 00:30:59','2021-03-27 02:25:59'),(70,43,2,'2021-03-27 02:25:58','2005-11-21 16:08:23','2021-03-27 02:25:59'),(71,98,2,'2021-03-27 02:25:58','2008-09-30 08:08:17','2021-03-27 02:25:59'),(72,4,3,'2020-10-05 02:26:38','2019-06-02 23:49:00','2021-03-27 02:25:59'),(72,25,2,'2021-03-27 02:25:58','1998-09-27 21:31:47','2021-03-27 02:25:59'),(73,53,2,'2021-03-27 02:25:58','2011-07-01 02:53:19','2021-03-27 02:25:59'),(74,76,1,'2018-09-18 16:09:51','1980-09-04 12:55:14','2021-03-27 02:25:59'),(74,78,1,'2021-03-27 02:25:58','2002-04-18 06:10:50','2021-03-27 02:25:59'),(76,49,3,'1994-12-27 09:56:30','1979-10-28 19:48:54','2021-03-27 02:25:59'),(77,39,2,'2021-03-27 02:25:58','2005-11-10 16:23:03','2021-03-27 02:25:59'),(77,87,3,'2021-03-27 02:25:58','1983-10-29 19:37:06','2021-03-27 02:25:59'),(80,25,2,'2016-01-03 02:35:07','2010-08-04 16:49:51','2021-03-27 02:25:59'),(80,41,3,'2010-10-11 11:23:26','2005-12-18 06:00:35','2021-03-27 02:25:59'),(81,5,3,'2013-04-19 07:09:27','2001-06-23 12:26:19','2021-03-27 02:25:59'),(81,10,1,'2021-03-27 02:25:58','1979-02-02 03:02:57','2021-03-27 02:25:59'),(81,25,2,'2021-03-27 02:25:58','2011-10-17 21:59:45','2021-03-27 02:25:59'),(81,89,1,'2021-03-27 02:25:58','1997-01-02 07:00:11','2021-03-27 02:25:59'),(81,93,2,'2021-03-27 02:25:58','2007-11-20 04:22:25','2021-03-27 02:25:59'),(82,71,3,'2021-03-27 02:25:58','2004-09-29 21:32:52','2021-03-27 02:25:59'),(83,93,3,'2010-10-07 07:32:22','1988-12-02 11:28:54','2021-03-27 02:25:59'),(85,52,2,'1999-10-20 01:11:39','1984-07-21 11:33:22','2021-03-27 02:25:59'),(85,84,1,'2018-09-01 12:43:22','2012-02-11 00:47:43','2021-03-27 02:25:59'),(88,16,2,'2015-02-01 07:20:42','1977-09-17 23:10:21','2021-03-27 02:25:59'),(90,24,3,'2021-03-27 02:25:58','2001-11-20 15:09:22','2021-03-27 02:25:59'),(91,39,1,'2021-03-27 02:25:58','1991-10-19 02:47:03','2021-03-27 02:25:59'),(91,69,3,'2021-03-27 02:25:58','1996-02-25 13:06:23','2021-03-27 02:25:59'),(94,73,1,'2021-03-27 02:25:58','2007-07-24 05:57:32','2021-03-27 02:25:59'),(95,53,2,'2020-08-09 18:38:44','1990-01-03 10:23:12','2021-03-27 02:25:59'),(95,70,3,'2003-06-17 07:05:47','1999-08-09 17:55:31','2021-03-27 02:25:59'),(95,90,2,'1983-05-11 20:19:51','1974-07-23 02:43:50','2021-03-27 02:25:59'),(96,91,2,'2021-03-27 02:25:58','1988-11-26 07:04:47','2021-03-27 02:25:59'),(97,18,2,'1993-12-02 04:50:33','1974-11-25 11:56:33','2021-03-27 02:25:59'),(97,52,3,'1987-07-30 04:58:24','1976-09-21 14:32:12','2021-03-27 02:25:59'),(100,38,2,'2017-08-13 00:03:53','1999-03-22 04:38:58','2021-03-27 02:25:59'),(100,44,1,'2021-03-27 02:25:58','2000-10-31 04:31:50','2021-03-27 02:25:59'),(100,92,3,'1986-12-03 22:51:10','1974-05-27 21:08:27','2021-03-27 02:25:59');
/*!40000 ALTER TABLE `friendship` ENABLE KEYS */;
UNLOCK TABLES;

--
-- Table structure for table `friendship_statuses`
--

DROP TABLE IF EXISTS `friendship_statuses`;
/*!40101 SET @saved_cs_client     = @@character_set_client */;
/*!50503 SET character_set_client = utf8mb4 */;
CREATE TABLE `friendship_statuses` (
  `id` int unsigned NOT NULL AUTO_INCREMENT COMMENT 'Идентификатор строки',
  `name` varchar(150) CHARACTER SET utf8mb4 COLLATE utf8mb4_unicode_ci NOT NULL COMMENT 'Название статуса',
  `created_at` datetime DEFAULT CURRENT_TIMESTAMP COMMENT 'Время создания строки',
  `updated_at` datetime DEFAULT CURRENT_TIMESTAMP ON UPDATE CURRENT_TIMESTAMP COMMENT 'Время обновления строки',
  PRIMARY KEY (`id`),
  UNIQUE KEY `name` (`name`)
) ENGINE=InnoDB AUTO_INCREMENT=4 DEFAULT CHARSET=utf8mb4 COLLATE=utf8mb4_unicode_ci COMMENT='Статусы дружбы';
/*!40101 SET character_set_client = @saved_cs_client */;

--
-- Dumping data for table `friendship_statuses`
--

LOCK TABLES `friendship_statuses` WRITE;
/*!40000 ALTER TABLE `friendship_statuses` DISABLE KEYS */;
INSERT INTO `friendship_statuses` VALUES (1,'Requested','2021-03-27 02:25:59','2021-03-27 02:25:59'),(2,'Confirmed','2021-03-27 02:25:59','2021-03-27 02:25:59'),(3,'Rejected','2021-03-27 02:25:59','2021-03-27 02:25:59');
/*!40000 ALTER TABLE `friendship_statuses` ENABLE KEYS */;
UNLOCK TABLES;

--
-- Table structure for table `media`
--

DROP TABLE IF EXISTS `media`;
/*!40101 SET @saved_cs_client     = @@character_set_client */;
/*!50503 SET character_set_client = utf8mb4 */;
CREATE TABLE `media` (
  `id` int unsigned NOT NULL AUTO_INCREMENT COMMENT 'Идентификатор строки',
  `user_id` int unsigned NOT NULL COMMENT 'Ссылка на пользователя, который загрузил файл',
  `filename` varchar(255) CHARACTER SET utf8mb4 COLLATE utf8mb4_unicode_ci NOT NULL COMMENT 'Путь к файлу',
  `size` int NOT NULL COMMENT 'Размер файла',
  `metadata` json DEFAULT NULL,
  `media_type_id` int unsigned NOT NULL COMMENT 'Ссылка на тип контента',
  `created_at` datetime DEFAULT CURRENT_TIMESTAMP COMMENT 'Время создания строки',
  `updated_at` datetime DEFAULT CURRENT_TIMESTAMP ON UPDATE CURRENT_TIMESTAMP COMMENT 'Время обновления строки',
  PRIMARY KEY (`id`),
  CONSTRAINT `media_chk_1` CHECK (json_valid(`metadata`))
) ENGINE=InnoDB AUTO_INCREMENT=92 DEFAULT CHARSET=utf8mb4 COLLATE=utf8mb4_unicode_ci COMMENT='Медиафайлы';
/*!40101 SET character_set_client = @saved_cs_client */;

--
-- Dumping data for table `media`
--

LOCK TABLES `media` WRITE;
/*!40000 ALTER TABLE `media` DISABLE KEYS */;
INSERT INTO `media` VALUES (1,2,'http://dropbox.net/vk/sed.png',147291,'{\"owner\": \"Zelda O\'Kon\"}',2,'2018-02-04 22:25:05','2021-03-27 02:25:49'),(2,46,'http://dropbox.net/vk/est.png',879293,'{\"owner\": \"Grover Boyer\"}',1,'2002-04-13 06:15:12','2021-03-27 02:25:51'),(3,26,'http://dropbox.net/vk/quia.mp3',989835,'{\"owner\": \"Dianna Ankunding\"}',2,'1992-11-19 12:48:27','2021-03-27 02:25:51'),(4,92,'http://dropbox.net/vk/illo.jpeg',348841,'{\"owner\": \"Cyril Orn\"}',2,'2016-04-25 05:57:32','2021-03-27 02:25:51'),(5,79,'http://dropbox.net/vk/et.mp3',301297,'{\"owner\": \"Genevieve Russel\"}',3,'1979-03-13 05:01:38','2021-03-27 02:25:51'),(6,21,'http://dropbox.net/vk/id.mp4',5650058,'{\"owner\": \"Stacey Leuschke\"}',3,'2012-03-30 00:57:04','2021-03-27 02:25:51'),(7,67,'http://dropbox.net/vk/et.png',526980,'{\"owner\": \"Alvena Connelly\"}',3,'1970-09-01 02:36:09','2021-03-27 02:25:51'),(8,72,'http://dropbox.net/vk/dicta.mp4',721009,'{\"owner\": \"Josue Hermann\"}',2,'1992-02-28 03:28:13','2021-03-27 02:25:51'),(9,59,'http://dropbox.net/vk/voluptatibus.mp3',14108,'{\"owner\": \"Travis Morissette\"}',3,'2000-06-18 22:16:09','2021-03-27 02:25:51'),(10,79,'http://dropbox.net/vk/laborum.png',108809,'{\"owner\": \"Genevieve Russel\"}',1,'1976-07-11 20:01:37','2021-03-27 02:25:51'),(11,15,'http://dropbox.net/vk/quam.mp4',26958,'{\"owner\": \"Mckenzie Grady\"}',1,'2019-06-30 06:31:10','2021-03-27 02:25:51'),(12,38,'http://dropbox.net/vk/consequatur.mp4',897511,'{\"owner\": \"Kathleen Fahey\"}',1,'1983-12-03 05:02:54','2021-03-27 02:25:51'),(13,44,'http://dropbox.net/vk/facere.jpeg',435231,'{\"owner\": \"Rudy Breitenberg\"}',1,'1996-09-03 05:22:05','2021-03-27 02:25:51'),(14,7,'http://dropbox.net/vk/non.mp4',473621,'{\"owner\": \"Deanna Hayes\"}',2,'1976-04-02 04:05:50','2021-03-27 02:25:51'),(15,2,'http://dropbox.net/vk/quia.jpeg',52416,'{\"owner\": \"Zelda O\'Kon\"}',2,'1988-12-21 15:33:32','2021-03-27 02:25:51'),(16,88,'http://dropbox.net/vk/vel.jpeg',56036206,'{\"owner\": \"Pietro Purdy\"}',1,'2013-10-29 07:47:30','2021-03-27 02:25:51'),(17,35,'http://dropbox.net/vk/consequatur.mp3',831216,'{\"owner\": \"Tanner Wunsch\"}',2,'1988-02-17 00:23:27','2021-03-27 02:25:51'),(18,8,'http://dropbox.net/vk/eaque.mp4',988833,'{\"owner\": \"Danika Cassin\"}',1,'1996-01-07 15:34:57','2021-03-27 02:25:51'),(19,37,'http://dropbox.net/vk/ut.mp4',1675,'{\"owner\": \"Princess Cremin\"}',1,'1985-10-02 21:24:36','2021-03-27 02:25:51'),(20,59,'http://dropbox.net/vk/quod.avi',16706078,'{\"owner\": \"Travis Morissette\"}',3,'2002-12-10 16:47:36','2021-03-27 02:25:51'),(21,82,'http://dropbox.net/vk/iusto.mp4',68257,'{\"owner\": \"Ettie Gaylord\"}',1,'2013-07-13 18:47:16','2021-03-27 02:25:51'),(22,34,'http://dropbox.net/vk/fuga.png',440519,'{\"owner\": \"Alta Altenwerth\"}',1,'2010-09-02 12:15:29','2021-03-27 02:25:51'),(23,24,'http://dropbox.net/vk/dolorem.jpeg',54289,'{\"owner\": \"Flavie Hamill\"}',3,'2016-02-28 09:54:29','2021-03-27 02:25:51'),(24,18,'http://dropbox.net/vk/porro.mp4',18094333,'{\"owner\": \"Addie Koss\"}',1,'2013-08-30 04:48:15','2021-03-27 02:25:51'),(25,18,'http://dropbox.net/vk/voluptatum.png',297127,'{\"owner\": \"Addie Koss\"}',3,'2014-05-12 23:47:51','2021-03-27 02:25:51'),(26,34,'http://dropbox.net/vk/consectetur.jpeg',5066,'{\"owner\": \"Alta Altenwerth\"}',2,'1995-03-08 04:52:07','2021-03-27 02:25:51'),(27,16,'http://dropbox.net/vk/eaque.jpeg',311517,'{\"owner\": \"Colton Kunze\"}',3,'2013-09-07 23:20:35','2021-03-27 02:25:51'),(28,79,'http://dropbox.net/vk/eaque.avi',10161422,'{\"owner\": \"Genevieve Russel\"}',3,'2017-12-28 13:08:03','2021-03-27 02:25:51'),(29,46,'http://dropbox.net/vk/itaque.avi',1926374,'{\"owner\": \"Grover Boyer\"}',3,'1988-03-18 21:37:55','2021-03-27 02:25:51'),(30,91,'http://dropbox.net/vk/ipsam.avi',226093,'{\"owner\": \"Cara Terry\"}',3,'1997-07-23 14:41:44','2021-03-27 02:25:51'),(31,15,'http://dropbox.net/vk/nihil.mp3',25606,'{\"owner\": \"Mckenzie Grady\"}',2,'1989-07-23 07:39:24','2021-03-27 02:25:51'),(32,5,'http://dropbox.net/vk/ducimus.png',58207020,'{\"owner\": \"Brenden Johnston\"}',1,'2010-10-26 18:54:15','2021-03-27 02:25:51'),(33,77,'http://dropbox.net/vk/iste.mp3',798912,'{\"owner\": \"Carter Kuhic\"}',1,'2009-02-24 06:15:30','2021-03-27 02:25:51'),(34,70,'http://dropbox.net/vk/vel.png',306279,'{\"owner\": \"Rigoberto Hermann\"}',2,'1999-02-09 23:01:58','2021-03-27 02:25:51'),(35,19,'http://dropbox.net/vk/a.mp3',7001791,'{\"owner\": \"Clemmie Rutherford\"}',3,'1992-05-14 01:53:56','2021-03-27 02:25:51'),(36,86,'http://dropbox.net/vk/esse.jpeg',124660,'{\"owner\": \"Esteban Jacobi\"}',3,'1990-08-29 18:18:11','2021-03-27 02:25:51'),(37,69,'http://dropbox.net/vk/ducimus.mp4',694463,'{\"owner\": \"Lysanne Cole\"}',2,'1984-12-24 17:58:13','2021-03-27 02:25:51'),(38,90,'http://dropbox.net/vk/aut.mp3',149296,'{\"owner\": \"Samson Morar\"}',2,'1990-06-15 15:54:32','2021-03-27 02:25:51'),(39,41,'http://dropbox.net/vk/sunt.avi',88337,'{\"owner\": \"Kade Pfeffer\"}',2,'2017-08-23 13:25:38','2021-03-27 02:25:51'),(40,34,'http://dropbox.net/vk/nostrum.avi',348297,'{\"owner\": \"Alta Altenwerth\"}',3,'2008-10-06 05:09:58','2021-03-27 02:25:51'),(41,49,'http://dropbox.net/vk/illum.png',2871,'{\"owner\": \"Corbin Mayer\"}',3,'1987-08-25 14:04:25','2021-03-27 02:25:51'),(42,40,'http://dropbox.net/vk/sit.avi',72981260,'{\"owner\": \"Sandra Blanda\"}',3,'2004-11-18 00:06:29','2021-03-27 02:25:51'),(43,53,'http://dropbox.net/vk/earum.png',466472,'{\"owner\": \"Rod Von\"}',2,'1981-03-21 11:06:01','2021-03-27 02:25:51'),(44,44,'http://dropbox.net/vk/sit.png',67790,'{\"owner\": \"Rudy Breitenberg\"}',3,'2016-01-10 17:33:56','2021-03-27 02:25:51'),(45,62,'http://dropbox.net/vk/corporis.avi',1832993,'{\"owner\": \"Pascale Beatty\"}',3,'1977-09-17 13:52:40','2021-03-27 02:25:51'),(46,76,'http://dropbox.net/vk/accusamus.jpeg',277472,'{\"owner\": \"Janae Tromp\"}',2,'2001-02-12 06:28:16','2021-03-27 02:25:51'),(47,92,'http://dropbox.net/vk/et.avi',977944,'{\"owner\": \"Cyril Orn\"}',3,'1984-02-19 11:00:48','2021-03-27 02:25:51'),(48,34,'http://dropbox.net/vk/odio.jpeg',683659567,'{\"owner\": \"Alta Altenwerth\"}',1,'1999-02-02 11:11:45','2021-03-27 02:25:51'),(49,92,'http://dropbox.net/vk/tempora.png',47303,'{\"owner\": \"Cyril Orn\"}',2,'1990-02-28 14:34:19','2021-03-27 02:25:51'),(50,58,'http://dropbox.net/vk/odit.mp3',7409324,'{\"owner\": \"Kailey Kunze\"}',3,'2019-02-10 19:26:56','2021-03-27 02:25:51'),(51,13,'http://dropbox.net/vk/sit.jpeg',292686,'{\"owner\": \"Clement Howell\"}',3,'2000-11-05 05:19:53','2021-03-27 02:25:51'),(52,92,'http://dropbox.net/vk/excepturi.jpeg',311522,'{\"owner\": \"Cyril Orn\"}',2,'1988-09-24 21:36:35','2021-03-27 02:25:51'),(53,20,'http://dropbox.net/vk/occaecati.avi',34010,'{\"owner\": \"Kenyatta Jerde\"}',1,'2019-08-10 09:24:41','2021-03-27 02:25:51'),(54,22,'http://dropbox.net/vk/molestias.mp4',10985,'{\"owner\": \"Vanessa Hickle\"}',2,'1981-06-13 06:39:43','2021-03-27 02:25:51'),(55,51,'http://dropbox.net/vk/nihil.mp4',669553,'{\"owner\": \"Korbin Gaylord\"}',3,'2000-02-27 19:19:19','2021-03-27 02:25:51'),(56,88,'http://dropbox.net/vk/quia.mp4',1141,'{\"owner\": \"Pietro Purdy\"}',1,'2012-09-04 22:51:28','2021-03-27 02:25:51'),(57,86,'http://dropbox.net/vk/in.avi',618694744,'{\"owner\": \"Esteban Jacobi\"}',3,'1977-03-10 21:46:51','2021-03-27 02:25:51'),(58,65,'http://dropbox.net/vk/voluptatem.mp4',403197,'{\"owner\": \"Kamryn Monahan\"}',3,'1995-04-02 08:27:49','2021-03-27 02:25:51'),(59,68,'http://dropbox.net/vk/voluptatem.mp4',48241,'{\"owner\": \"Tyrese Pacocha\"}',3,'2001-10-18 03:15:59','2021-03-27 02:25:51'),(60,44,'http://dropbox.net/vk/quis.mp4',997326,'{\"owner\": \"Rudy Breitenberg\"}',1,'1980-12-01 08:18:05','2021-03-27 02:25:51'),(61,16,'http://dropbox.net/vk/enim.jpeg',18564,'{\"owner\": \"Colton Kunze\"}',1,'2015-04-02 16:08:19','2021-03-27 02:25:51'),(62,49,'http://dropbox.net/vk/sed.png',2946802,'{\"owner\": \"Corbin Mayer\"}',3,'1999-12-17 13:23:19','2021-03-27 02:25:51'),(63,95,'http://dropbox.net/vk/ex.png',5151,'{\"owner\": \"Adonis Trantow\"}',1,'2017-10-28 15:05:59','2021-03-27 02:25:51'),(64,27,'http://dropbox.net/vk/quos.mp4',767041,'{\"owner\": \"Carrie Cole\"}',1,'1985-09-11 10:53:23','2021-03-27 02:25:51'),(65,48,'http://dropbox.net/vk/accusamus.mp4',4197118,'{\"owner\": \"Angel Quitzon\"}',3,'1993-01-05 20:35:59','2021-03-27 02:25:51'),(66,61,'http://dropbox.net/vk/soluta.png',833226,'{\"owner\": \"Gay Dicki\"}',2,'1978-04-16 02:39:51','2021-03-27 02:25:51'),(67,58,'http://dropbox.net/vk/sit.mp3',855009,'{\"owner\": \"Kailey Kunze\"}',3,'2004-03-13 14:18:49','2021-03-27 02:25:51'),(68,6,'http://dropbox.net/vk/odio.jpeg',39806868,'{\"owner\": \"Jacquelyn Beatty\"}',1,'1984-01-15 04:28:38','2021-03-27 02:25:51'),(69,56,'http://dropbox.net/vk/magni.mp4',765365,'{\"owner\": \"Doyle Spinka\"}',2,'2003-03-30 15:25:53','2021-03-27 02:25:51'),(70,63,'http://dropbox.net/vk/qui.mp4',251801,'{\"owner\": \"Filomena Aufderhar\"}',3,'1980-12-17 09:22:13','2021-03-27 02:25:51'),(71,47,'http://dropbox.net/vk/fugit.jpeg',952908,'{\"owner\": \"Clemmie Dicki\"}',2,'1998-09-16 04:25:46','2021-03-27 02:25:51'),(72,43,'http://dropbox.net/vk/minus.avi',2408,'{\"owner\": \"Myrtis Crooks\"}',2,'2007-09-30 22:23:04','2021-03-27 02:25:51'),(73,73,'http://dropbox.net/vk/et.avi',999139,'{\"owner\": \"Rosie Feil\"}',2,'1993-01-29 02:00:09','2021-03-27 02:25:51'),(74,36,'http://dropbox.net/vk/doloremque.png',3832,'{\"owner\": \"Jordyn Koepp\"}',3,'1986-04-28 06:33:14','2021-03-27 02:25:51'),(75,61,'http://dropbox.net/vk/excepturi.mp4',126969,'{\"owner\": \"Gay Dicki\"}',2,'2020-11-22 10:35:58','2021-03-27 02:25:51'),(76,96,'http://dropbox.net/vk/aut.jpeg',627432,'{\"owner\": \"Eladio Hoeger\"}',3,'1984-01-11 21:36:47','2021-03-27 02:25:51'),(77,98,'http://dropbox.net/vk/ipsam.jpeg',19820,'{\"owner\": \"Harmony Heaney\"}',3,'2013-09-10 22:37:15','2021-03-27 02:25:51'),(78,2,'http://dropbox.net/vk/porro.mp3',746254,'{\"owner\": \"Zelda O\'Kon\"}',1,'1989-10-18 15:35:21','2021-03-27 02:25:51'),(79,13,'http://dropbox.net/vk/eius.jpeg',122994,'{\"owner\": \"Clement Howell\"}',3,'1974-10-12 06:58:44','2021-03-27 02:25:51'),(80,59,'http://dropbox.net/vk/ut.png',838972,'{\"owner\": \"Travis Morissette\"}',3,'1993-09-03 14:16:58','2021-03-27 02:25:51'),(81,56,'http://dropbox.net/vk/molestiae.mp3',26731,'{\"owner\": \"Doyle Spinka\"}',3,'1999-05-23 04:02:32','2021-03-27 02:25:51'),(82,4,'http://dropbox.net/vk/eum.png',17503300,'{\"owner\": \"Milan Stamm\"}',2,'2015-11-24 05:03:24','2021-03-27 02:25:51'),(83,48,'http://dropbox.net/vk/doloremque.mp4',11950863,'{\"owner\": \"Angel Quitzon\"}',1,'2016-10-17 11:05:22','2021-03-27 02:25:51'),(84,31,'http://dropbox.net/vk/doloremque.avi',946099,'{\"owner\": \"Dale Emmerich\"}',1,'1992-11-07 04:22:10','2021-03-27 02:25:51'),(85,7,'http://dropbox.net/vk/quo.mp3',264479,'{\"owner\": \"Deanna Hayes\"}',1,'1980-12-30 05:04:38','2021-03-27 02:25:51'),(86,44,'http://dropbox.net/vk/odio.avi',203580,'{\"owner\": \"Rudy Breitenberg\"}',1,'1999-09-12 20:19:39','2021-03-27 02:25:51'),(87,99,'http://dropbox.net/vk/praesentium.mp3',334019402,'{\"owner\": \"Tito McClure\"}',3,'2013-10-28 20:14:44','2021-03-27 02:25:51'),(88,63,'http://dropbox.net/vk/quos.png',169604,'{\"owner\": \"Filomena Aufderhar\"}',2,'1976-02-15 06:34:42','2021-03-27 02:25:51'),(89,16,'http://dropbox.net/vk/sit.jpeg',227278,'{\"owner\": \"Colton Kunze\"}',2,'2014-08-22 15:14:32','2021-03-27 02:25:51'),(90,92,'http://dropbox.net/vk/laborum.avi',617582,'{\"owner\": \"Cyril Orn\"}',2,'1989-08-08 05:26:32','2021-03-27 02:25:51'),(91,12,'http://dropbox.net/vk/quia.jpeg',2922495,'{\"owner\": \"Laila Stark\"}',3,'1971-11-04 00:53:47','2021-03-27 02:25:51');
/*!40000 ALTER TABLE `media` ENABLE KEYS */;
UNLOCK TABLES;

--
-- Table structure for table `media_types`
--

DROP TABLE IF EXISTS `media_types`;
/*!40101 SET @saved_cs_client     = @@character_set_client */;
/*!50503 SET character_set_client = utf8mb4 */;
CREATE TABLE `media_types` (
  `id` int unsigned NOT NULL AUTO_INCREMENT COMMENT 'Идентификатор строки',
  `name` varchar(255) CHARACTER SET utf8mb4 COLLATE utf8mb4_unicode_ci NOT NULL COMMENT 'Название типа',
  `created_at` datetime DEFAULT CURRENT_TIMESTAMP COMMENT 'Время создания строки',
  `updated_at` datetime DEFAULT CURRENT_TIMESTAMP ON UPDATE CURRENT_TIMESTAMP COMMENT 'Время обновления строки',
  PRIMARY KEY (`id`),
  UNIQUE KEY `name` (`name`)
) ENGINE=InnoDB DEFAULT CHARSET=utf8mb4 COLLATE=utf8mb4_unicode_ci COMMENT='Типы медиафайлов';
/*!40101 SET character_set_client = @saved_cs_client */;

--
-- Dumping data for table `media_types`
--

LOCK TABLES `media_types` WRITE;
/*!40000 ALTER TABLE `media_types` DISABLE KEYS */;
/*!40000 ALTER TABLE `media_types` ENABLE KEYS */;
UNLOCK TABLES;

--
-- Table structure for table `messages`
--

DROP TABLE IF EXISTS `messages`;
/*!40101 SET @saved_cs_client     = @@character_set_client */;
/*!50503 SET character_set_client = utf8mb4 */;
CREATE TABLE `messages` (
  `id` int unsigned NOT NULL AUTO_INCREMENT COMMENT 'Идентификатор строки',
  `from_user_id` int unsigned NOT NULL COMMENT 'Ссылка на отправителя сообщения',
  `to_user_id` int unsigned NOT NULL COMMENT 'Ссылка на получателя сообщения',
  `body` text CHARACTER SET utf8mb4 COLLATE utf8mb4_unicode_ci NOT NULL COMMENT 'Текст сообщения',
  `is_important` tinyint(1) DEFAULT NULL COMMENT 'Признак важности',
  `is_delivered` tinyint(1) DEFAULT NULL COMMENT 'Признак доставки',
  `created_at` datetime DEFAULT CURRENT_TIMESTAMP COMMENT 'Время создания строки',
  PRIMARY KEY (`id`)
) ENGINE=InnoDB AUTO_INCREMENT=101 DEFAULT CHARSET=utf8mb4 COLLATE=utf8mb4_unicode_ci COMMENT='Сообщения';
/*!40101 SET character_set_client = @saved_cs_client */;

--
-- Dumping data for table `messages`
--

LOCK TABLES `messages` WRITE;
/*!40000 ALTER TABLE `messages` DISABLE KEYS */;
INSERT INTO `messages` VALUES (1,68,12,'Autem dolor laboriosam aperiam placeat. Repellendus neque odio commodi in corrupti labore velit aut.',1,0,'1972-12-19 12:46:34'),(2,56,44,'Ad cupiditate et earum laborum vitae incidunt odit sed. Ut repudiandae sed vel necessitatibus unde dolor.',1,0,'1995-02-06 12:34:36'),(3,50,19,'Repellat dolorem inventore dolorem fuga. Necessitatibus non quidem quas culpa delectus assumenda suscipit. Et illum numquam nisi consequatur id praesentium fugit. Quam molestiae neque eveniet commodi itaque.',1,1,'2002-03-10 17:53:12'),(4,43,56,'Explicabo maxime ea voluptatum temporibus. Quia alias unde vel illo deserunt.',0,1,'2017-02-10 19:53:46'),(5,52,93,'Illum repellat blanditiis nemo distinctio distinctio quis. Voluptate quae ratione labore ut modi laboriosam non eligendi. Accusamus ut ea occaecati accusantium quos quo. Dolor labore fuga officia molestias. Debitis nihil amet totam earum.',1,0,'1980-04-14 23:43:59'),(6,9,64,'Vero ipsam et rem sequi quibusdam ducimus. Ut hic dignissimos quo necessitatibus ullam. Minus id eligendi necessitatibus voluptas. Architecto alias et qui laboriosam consequatur.',1,0,'2014-01-19 05:06:36'),(7,91,63,'Occaecati quia quidem et autem. Perspiciatis ea pariatur esse eos sed aperiam ullam. Molestias optio et quia voluptate iusto perferendis doloribus ut. Nostrum nihil ea sed dolor voluptas ea dolore. Ut excepturi debitis vero ut.',1,1,'1999-12-23 07:18:03'),(8,41,17,'Qui alias deleniti repellat eum est. Molestiae animi tenetur possimus dolores consequuntur.',1,1,'1997-05-19 04:18:37'),(9,63,61,'Ut qui veniam et. Aliquam quam quod aut praesentium ipsam voluptate suscipit. Est magnam accusantium eos eius qui repudiandae quia.',1,1,'1980-03-13 06:08:30'),(10,18,6,'Repellendus officiis numquam sint et. Aut nisi pariatur deleniti et.',0,0,'1997-01-12 21:29:45'),(11,76,61,'Aut fugit cupiditate expedita animi. Qui enim rem harum consequuntur molestias. Nulla ea molestiae et quia.',1,1,'1998-03-16 09:27:20'),(12,76,99,'Optio harum aut unde quidem qui similique. Eos eaque quo laborum et. Non sapiente eaque quia eum facere veniam id.',0,1,'1980-11-10 06:18:43'),(13,64,25,'Velit eius consequuntur provident voluptatum deleniti aut. Placeat laboriosam eaque dolor velit est. Laudantium eos voluptas hic sint ullam et necessitatibus deleniti. Sed quis nihil ut ipsam architecto distinctio a recusandae.',0,1,'1995-08-12 21:21:02'),(14,31,78,'Labore repellendus est voluptatum consectetur est qui est. Odit ea autem iure. Harum quo et sed tenetur sit dolor. Voluptas quia occaecati enim ut asperiores qui delectus. Beatae cumque dolor nam necessitatibus sed quisquam illum quaerat.',1,0,'2020-05-24 13:31:36'),(15,97,53,'Quia voluptas ea in. Quos dolorem est sint deserunt. Deleniti id accusantium et facilis numquam tenetur deserunt. Et quibusdam et fugit nesciunt est repellendus.',0,1,'2010-02-19 10:26:21'),(16,70,93,'Labore magnam dolorum qui soluta. Quis excepturi doloribus hic distinctio. Dolorum fuga blanditiis in. Animi occaecati aliquam ipsa.',1,0,'1999-01-22 06:56:21'),(17,55,93,'Ut porro et omnis tempora tempore sunt ex animi. Iusto iusto magnam necessitatibus voluptatem voluptatem sint. Veniam ut ut sint omnis consequuntur recusandae fugiat.',1,1,'2016-09-02 09:05:24'),(18,1,24,'Corrupti illo qui amet voluptatem qui. Officia dolores esse explicabo cupiditate aut ut qui. Maxime aliquid et et neque non numquam at. Hic nisi magni consequuntur voluptatibus consequatur.',1,1,'2014-08-16 12:24:33'),(19,19,23,'Ipsa libero qui ut. Provident voluptatum quibusdam explicabo et qui. Molestiae aut et dolores unde qui consequuntur perferendis. Minus quibusdam vel atque modi.',1,1,'1979-09-17 06:36:37'),(20,56,11,'Architecto beatae quisquam cupiditate dolorem. Beatae corrupti voluptatibus iste molestiae eaque. Velit natus aut dicta voluptas. Optio vel eveniet incidunt necessitatibus sint voluptate atque.',0,0,'1993-06-26 02:59:06'),(21,86,95,'Exercitationem dolore repellendus ipsa maxime eligendi voluptatem expedita. Libero qui maiores cupiditate deleniti dolores similique.',1,1,'2014-07-12 12:59:20'),(22,18,6,'Occaecati et sint quia omnis est aliquam. Adipisci aut eos atque perferendis et delectus minima. Quo deleniti nostrum neque in.',1,0,'1981-02-05 04:18:11'),(23,75,57,'Quos omnis exercitationem aut est harum numquam nulla. Cumque quia et nihil nemo beatae deleniti. Necessitatibus dolores dolorum cum quo. Quia omnis impedit cum sapiente doloremque voluptatibus voluptate.',1,0,'2000-07-16 03:47:04'),(24,57,14,'Itaque dolorem rerum saepe quos ut reiciendis velit. Tempora quia blanditiis rerum eaque minima quas debitis quis. Quia rem et qui sed eos repellendus cumque nostrum. Impedit doloremque doloremque doloribus maxime rerum.',1,1,'2002-10-04 17:57:27'),(25,99,51,'Voluptatem amet amet sit illo quia dignissimos. Aut quo itaque quod nobis est. Nihil numquam similique rerum eveniet voluptates accusamus aliquid.',1,0,'2011-07-25 04:23:58'),(26,59,43,'Error et ratione numquam facere est dicta. Ducimus sit ad et omnis voluptas aspernatur quia. Voluptas aliquam eligendi reiciendis tempore odit consequatur voluptas non.',1,0,'1996-08-01 18:18:37'),(27,36,53,'Sunt aperiam dolorum ratione beatae sunt. Expedita et ut nihil similique. Velit sit sapiente ut aperiam eum incidunt.',0,1,'1985-03-18 02:08:14'),(28,54,10,'Quasi et laborum nam et saepe repellendus quo. Aspernatur facilis est ea reiciendis aut accusantium.',1,1,'1975-10-04 19:24:08'),(29,90,19,'Ut necessitatibus aspernatur molestias quo. Et dignissimos expedita quidem iusto numquam. Placeat alias vel molestias explicabo est unde aliquid.',0,1,'2008-06-29 07:31:32'),(30,25,68,'Dolorum nesciunt totam quo libero dolorem tenetur. Modi ut nihil quos soluta sit laudantium provident. Quisquam sunt distinctio at. Omnis dolorem molestias illo.',1,0,'2001-12-07 16:13:46'),(31,63,9,'Et voluptas sunt quas ut quis saepe. Necessitatibus qui dolores dolorem aperiam. Eligendi quo in eos velit voluptates facilis et.',1,1,'2016-03-19 08:40:18'),(32,58,64,'Molestiae autem consequatur possimus eaque delectus molestias. Praesentium est pariatur aliquid rerum ab voluptatum omnis. Recusandae vel dolores quas accusamus reiciendis qui cum.',1,0,'1989-12-08 14:34:34'),(33,43,23,'Quisquam ut ut et et aut voluptatem delectus nemo. Excepturi vitae voluptas et sed in omnis praesentium. Consequatur iste atque pariatur molestias et doloribus non. Voluptatem numquam neque praesentium veniam.',0,0,'1977-12-07 05:43:22'),(34,86,59,'Eius quia illum voluptas fugiat facilis recusandae. Eius ut fuga sint eius et exercitationem officiis. Enim aliquam quaerat eos facere qui dolores animi.',0,0,'1988-08-20 00:54:31'),(35,36,3,'Sit aperiam rem illo. Aliquam qui beatae accusantium possimus. Vel laboriosam rem maxime aut.',1,1,'2015-09-18 11:06:14'),(36,5,15,'Soluta enim eum voluptatum sed et doloremque occaecati. Maiores quisquam ipsa quia quos quis et mollitia sint. Nostrum laboriosam tempora commodi rerum.',0,0,'1996-08-08 22:32:34'),(37,63,67,'Qui deleniti et sit magni. Dolore nostrum dolorum laboriosam magni. Cupiditate ipsa repudiandae laboriosam et voluptas culpa.',1,1,'1978-02-23 15:19:24'),(38,44,21,'Nesciunt deserunt ducimus libero quisquam. Sunt delectus impedit deserunt. Molestiae sint est placeat aliquid aliquam occaecati dolores distinctio. Ullam in iure quo vero ut.',0,0,'1996-05-18 12:19:37'),(39,72,98,'Nam error ea corrupti qui animi ipsum non sequi. Veniam eius harum cum autem est. Et rerum perspiciatis laboriosam aut. Ullam ipsa mollitia rem optio voluptatem autem.',0,1,'2002-03-23 04:48:42'),(40,71,64,'Accusantium excepturi atque dolore qui. Magnam sed sit omnis rerum aut. Animi eum quia consectetur distinctio quibusdam est.',1,1,'1997-08-11 07:56:01'),(41,3,22,'Perferendis assumenda magnam est totam ad sint. Molestias qui sint voluptatem modi architecto et. Possimus dolor illum ea tempore delectus in ex laboriosam.',0,0,'1989-04-29 14:12:21'),(42,3,46,'Dolores quia assumenda qui ipsum perspiciatis doloribus. Distinctio accusamus expedita sit repellat quam vitae. Sunt ut dignissimos dolorum eum sit omnis.',0,0,'2001-12-19 21:36:08'),(43,20,62,'Ratione consequuntur cumque ipsam aut consequatur. Nam commodi id repellat vel blanditiis. Nesciunt id maxime at quis iste saepe. Dignissimos voluptatem tenetur error reprehenderit.',1,0,'2019-04-20 20:30:11'),(44,49,60,'Fugiat ut eos qui ipsum perspiciatis. Quaerat quis qui quibusdam. Quibusdam ea nulla assumenda et corporis illo blanditiis. Omnis minima maxime iste ut molestias et assumenda.',0,1,'1992-02-16 07:38:33'),(45,52,80,'Sed et dolore quia quia ut sunt ut. Deserunt ut illum doloremque aspernatur tenetur eos. Tenetur quo voluptas pariatur totam quidem. Consequatur qui ipsa vitae nesciunt. Nulla voluptatem vero qui quia vel adipisci error accusantium.',1,1,'1988-09-18 21:04:27'),(46,45,81,'Rerum laudantium id voluptas voluptate incidunt. Dolor molestiae nam cumque optio minima nisi aliquid et. Doloribus eligendi adipisci tenetur temporibus assumenda sed. Commodi reprehenderit eum sed qui aliquam facere.',1,0,'1978-05-01 04:46:07'),(47,72,18,'Aut velit ipsum dolor aliquam recusandae qui. Quibusdam tenetur et inventore odio aut perferendis autem minima. In praesentium fugit illum tempore quia distinctio. Et voluptatibus officia vitae tempora at hic rerum molestiae.',0,1,'1991-03-26 02:26:51'),(48,71,3,'Sit dolorum explicabo maxime quasi neque. Officiis id officia ab totam unde. Repudiandae et tempora aut consequatur aut omnis consectetur.',0,1,'1986-05-31 03:21:33'),(49,99,86,'Corrupti sequi laborum aliquid ex commodi. Sed et sunt soluta laudantium qui. Non unde magnam et sit modi asperiores explicabo quo.',1,1,'1989-05-26 11:27:42'),(50,35,13,'Incidunt fugit cum natus accusantium non autem autem. Minima et maiores aspernatur dolorem qui. Laboriosam officia ducimus in ullam voluptas voluptas odio corporis. Inventore voluptas quo eum ab odio. Dolor quae veniam illum id.',1,0,'1985-03-31 15:06:23'),(51,60,61,'Molestiae temporibus iste earum laboriosam est consectetur. Est est nulla et blanditiis enim sapiente voluptate. Non sed assumenda ullam accusantium. Eaque rem qui natus ea non. Ullam vitae ut dignissimos soluta.',1,1,'1980-02-11 02:23:01'),(52,23,34,'Optio vero occaecati fuga cum excepturi dolorem. Sequi minima fugiat quos qui ut provident. Rerum ad quibusdam maxime qui aut dignissimos optio. Fugit commodi voluptas in harum numquam.',1,0,'1985-04-19 15:28:54'),(53,100,99,'Veritatis quas natus enim dolore. Pariatur animi est aut. Ut quo et animi sed aspernatur in culpa unde.',0,0,'2017-04-07 16:46:37'),(54,94,70,'Sed similique aut aut beatae. Qui voluptates iure non et voluptates. Laudantium excepturi voluptas quam vero aut qui.',1,1,'1971-01-11 18:28:01'),(55,68,32,'Et provident rerum in et sint. Sequi ut dolor aut tenetur est architecto. Omnis consequatur sint reprehenderit amet.',0,0,'1995-12-16 09:20:04'),(56,54,72,'Facere sed voluptas est rerum. Facere qui modi non dolorem velit cum. Quae est alias dolorem qui nam nemo sequi. Cupiditate voluptas minus quae ratione nemo.',1,0,'1997-07-06 12:12:48'),(57,97,68,'Doloremque similique voluptas et dolore. Fugiat et doloremque nostrum laudantium totam excepturi rerum asperiores. Voluptate in laboriosam cum cumque ad.',0,1,'2017-04-09 07:18:20'),(58,49,42,'Corporis et at totam aut delectus. Et at maiores exercitationem quisquam molestias animi rerum. Cupiditate a consequatur nobis quo id.',1,0,'1977-07-22 02:34:09'),(59,60,75,'Sed quam voluptates beatae iure illo aut quisquam. Voluptatem necessitatibus dolor nihil quod. Qui doloribus officia et voluptatem.',1,0,'1987-02-06 10:01:17'),(60,92,37,'Voluptatum quia et suscipit quis qui error quia. Maxime distinctio earum eum ut quod. Ratione doloremque animi perspiciatis ut iusto.',0,1,'2014-06-29 05:32:53'),(61,10,35,'Consectetur ea voluptatem consequatur ut aliquid minus eligendi consequatur. Voluptate at voluptates ut rerum. Odio beatae id et molestias doloribus necessitatibus. Odio aut facere est qui dolorem et quis.',1,1,'2005-08-05 17:08:17'),(62,46,26,'Suscipit id aut quia magni nihil. Non est fugiat quaerat hic. Ullam molestiae excepturi dignissimos aspernatur nam dolor.',1,0,'2006-09-30 13:27:16'),(63,92,78,'Labore aut id id repellendus consequatur temporibus. Natus distinctio distinctio nobis a. Quo temporibus nihil consectetur occaecati dicta veritatis. Excepturi at quia aut assumenda modi ea ipsum aut.',0,0,'2002-08-15 09:59:27'),(64,16,47,'Est et aut aliquam soluta. Laudantium vero omnis sint voluptas. Voluptatum minus porro ab voluptas omnis corrupti nam. Quod illo dolorum nostrum cumque minima.',0,0,'2007-01-28 10:32:06'),(65,85,83,'Magnam dolores adipisci et voluptas error. Non voluptatum asperiores non aut dolorem.',0,1,'2020-12-29 16:56:31'),(66,61,53,'Distinctio eveniet velit ut libero cum ut. Itaque eveniet tempore cupiditate. Nesciunt dolorum assumenda aut mollitia. Rem molestiae cumque necessitatibus.',1,1,'1974-04-01 06:06:48'),(67,81,46,'Quo dicta sit saepe facilis. Nihil quae sit iure ipsam. In praesentium adipisci nulla autem.',0,0,'1986-06-21 01:40:08'),(68,87,96,'Laborum est ipsum quasi. Reprehenderit non dolorum quibusdam deserunt ea aut est. Temporibus animi dolor consequatur explicabo quia non.',1,1,'1991-05-10 04:08:44'),(69,20,10,'Sint quia qui velit aut aut libero. Beatae unde quas iusto voluptatum quam. Architecto est aut rerum id cumque eos autem. Debitis quae sit praesentium rerum non tempore accusamus non.',1,1,'1974-04-04 23:18:33'),(70,92,27,'Neque et quis in aspernatur et labore et. Hic saepe mollitia cum ea excepturi id ut. Et voluptatem sunt earum inventore. Accusantium est aspernatur id totam. Veniam eaque eum iste cumque.',1,0,'1992-07-25 12:58:38'),(71,59,14,'Distinctio autem inventore odio dolorum. Labore et sunt quis eligendi. Nihil rerum perspiciatis voluptatem quia consequatur nihil reiciendis dicta. Provident reiciendis veritatis doloribus consequatur ducimus quasi voluptatem animi.',0,0,'2005-10-22 08:17:22'),(72,93,21,'Deserunt sint odio non dolor quam laborum assumenda. Veritatis et nam velit quos. Adipisci sed aut suscipit illo libero suscipit nihil. Nostrum neque ut suscipit earum.',0,1,'1991-08-24 22:39:50'),(73,26,68,'Numquam sint enim et illo ea. Amet voluptas voluptas doloribus et iure.',0,1,'1977-01-07 06:44:13'),(74,61,1,'Provident sit aliquam eveniet expedita exercitationem optio et. Assumenda mollitia id quia fugiat eos omnis. Excepturi quo corrupti omnis quaerat repellendus et.',0,1,'1976-12-28 19:02:36'),(75,19,92,'Non deleniti saepe ratione consequatur reiciendis sunt. Beatae soluta repellat enim sunt odio eum. Asperiores odit non aspernatur.',1,0,'1970-06-03 05:01:18'),(76,5,48,'Harum ratione libero dolore non. Excepturi maxime ut molestiae omnis et. Consequuntur doloribus iure in in. Quia rerum odit labore.',0,1,'2009-10-01 13:33:47'),(77,22,67,'Omnis molestiae aut sed inventore nulla eos. Dignissimos odio placeat quia harum est harum voluptatem. Dolor et qui esse ut rerum iste.',1,0,'2011-08-25 18:59:47'),(78,67,34,'Dolorum rem et sed. Sunt doloremque at et et. Eius esse eos est error. Tempore sint commodi cupiditate quis corporis aliquid repudiandae et. Accusamus quia ut quaerat aut.',0,0,'1971-01-25 03:14:11'),(79,70,48,'Corrupti minima dolorem iusto enim et numquam et dignissimos. Earum minima quos vel odio velit. Aperiam ad cum culpa quo corporis fugit.',1,1,'1979-09-02 10:50:15'),(80,29,99,'Nulla quo et tempora aut vel. Sit similique vero quis omnis incidunt modi. Inventore aut maiores illum consequatur soluta animi at.',1,0,'2007-08-20 11:58:53'),(81,7,36,'Vel nulla assumenda nulla voluptates sint dignissimos assumenda eum. Eveniet doloribus unde numquam sint doloremque. Culpa non explicabo libero dolorum voluptas. Vero itaque magnam occaecati voluptas quae.',0,1,'1978-04-24 23:40:47'),(82,62,1,'Molestias quaerat est non laudantium porro. Eligendi corporis accusamus iusto vel recusandae id quas. Quaerat vero et recusandae est voluptatibus tempora exercitationem. Amet maiores pariatur sequi ut impedit est.',0,0,'1996-08-17 09:31:25'),(83,17,81,'Saepe aut voluptates aliquam aperiam blanditiis quidem neque. Quia veritatis aut quas quia nihil ducimus. Molestiae hic et aliquid sed qui illum. Sit et praesentium hic est.',0,0,'1999-02-18 23:23:46'),(84,53,23,'Perspiciatis odit corporis omnis nulla incidunt vitae et. Minus officia libero nihil quas ut ut sit itaque.',1,0,'2005-02-13 21:45:23'),(85,54,100,'Aut repellat dolor est iste. Eius molestiae ex qui non quasi doloremque. Dolorem est aperiam ullam amet eos.',0,0,'1989-04-02 08:47:50'),(86,39,94,'Culpa eligendi id repudiandae modi aut ut. Optio facere sint similique dolor quaerat. Sint omnis at aut aut quae. Tempora commodi impedit sed officiis.',0,1,'2012-07-05 05:37:59'),(87,52,78,'Molestiae veritatis repellat soluta voluptatem. Enim ea ut exercitationem repellendus corporis molestiae molestiae. Rerum officia fugiat et voluptatibus qui.',0,0,'2016-11-26 14:58:58'),(88,32,28,'Cupiditate amet suscipit dolores assumenda animi voluptate. Ullam non voluptatem nostrum culpa. Architecto ratione id tenetur corrupti modi at reiciendis. Nostrum rerum earum deleniti minus.',0,1,'1986-06-23 07:55:59'),(89,44,35,'Provident excepturi temporibus optio sed neque et voluptatem. Omnis harum necessitatibus quis et et temporibus eos. Non accusamus exercitationem sequi atque quisquam voluptatum provident suscipit.',0,0,'1990-04-21 02:11:15'),(90,42,6,'Libero iste quia illum ea assumenda adipisci. Et voluptatem voluptatem magni rerum consequatur. Quibusdam ea sint fuga voluptatem cupiditate.',1,1,'2010-12-14 01:46:15'),(91,4,2,'Molestiae excepturi sint necessitatibus qui aut dolores. Est possimus expedita laboriosam nam quibusdam consequatur. Alias molestiae molestias fugit modi quasi reprehenderit qui.',1,1,'1989-04-14 09:29:55'),(92,95,71,'Asperiores et totam soluta sit dolorum repellat. Eos amet quo maiores sunt. Libero aliquam aut voluptatem laudantium.',1,0,'1971-01-11 11:43:21'),(93,67,24,'Dignissimos deserunt et modi. Explicabo sed iure eum ea beatae ab dolor. Ut molestias reiciendis corrupti sed. Libero architecto praesentium incidunt quis nisi fugit.',0,0,'1970-04-03 06:56:20'),(94,18,17,'Perferendis repellendus et voluptatum at. Molestiae ea et beatae quam velit aut. Harum assumenda omnis voluptatem doloribus fuga. Ut voluptatem ut dicta reprehenderit hic ducimus quia.',0,1,'2002-08-31 02:53:32'),(95,29,95,'A provident voluptas qui fuga dicta itaque dolorem. Qui reprehenderit molestiae sapiente repellat perferendis. Sint temporibus porro repellendus est ut ex quis.',0,1,'1983-08-19 08:21:34'),(96,86,43,'Accusantium recusandae officia qui repellendus incidunt voluptates sed enim. Aut repellat aspernatur rerum est necessitatibus alias impedit sed.',0,0,'1995-11-02 01:12:32'),(97,60,68,'Sit quam id recusandae expedita rerum numquam. Sed facere neque magni quos quia neque deleniti suscipit. Libero a totam fugit libero quia corrupti ea.',0,1,'1995-10-17 10:29:30'),(98,59,92,'Dolor repudiandae facilis voluptatem ipsum illum. Aut ut ratione facere sequi nulla omnis ipsa. Perspiciatis sint neque sed omnis harum. Itaque sit sint corporis.',0,0,'2015-10-02 18:20:51'),(99,84,42,'Dolor sapiente molestiae qui quidem. Id voluptatum est ab non quibusdam omnis. Veniam quae quidem sit et. Voluptates quasi recusandae necessitatibus vel.',0,0,'1996-02-10 14:46:20'),(100,56,54,'Exercitationem quas vel asperiores ea quasi. Velit aut cum tempora. Molestiae voluptates autem eum necessitatibus.',1,1,'1987-03-20 05:10:18');
/*!40000 ALTER TABLE `messages` ENABLE KEYS */;
UNLOCK TABLES;

--
-- Table structure for table `profiles`
--

DROP TABLE IF EXISTS `profiles`;
/*!40101 SET @saved_cs_client     = @@character_set_client */;
/*!50503 SET character_set_client = utf8mb4 */;
CREATE TABLE `profiles` (
  `user_id` int unsigned NOT NULL COMMENT 'Ссылка на пользователя',
  `gender` enum('M','F') COLLATE utf8mb4_unicode_ci DEFAULT NULL,
  `birthday` date DEFAULT NULL COMMENT 'Дата рождения',
  `city` varchar(130) CHARACTER SET utf8mb4 COLLATE utf8mb4_unicode_ci DEFAULT NULL COMMENT 'Город проживания',
  `country` varchar(130) CHARACTER SET utf8mb4 COLLATE utf8mb4_unicode_ci DEFAULT NULL COMMENT 'Страна проживания',
  `last_login` datetime DEFAULT NULL COMMENT 'Последний вход в систему',
  `created_at` datetime DEFAULT CURRENT_TIMESTAMP COMMENT 'Время создания строки',
  `updated_at` datetime DEFAULT CURRENT_TIMESTAMP ON UPDATE CURRENT_TIMESTAMP COMMENT 'Время обновления строки',
  PRIMARY KEY (`user_id`)
) ENGINE=InnoDB DEFAULT CHARSET=utf8mb4 COLLATE=utf8mb4_unicode_ci COMMENT='Профили';
/*!40101 SET character_set_client = @saved_cs_client */;

--
-- Dumping data for table `profiles`
--

LOCK TABLES `profiles` WRITE;
/*!40000 ALTER TABLE `profiles` DISABLE KEYS */;
INSERT INTO `profiles` VALUES (1,'M','2016-10-12','South Donnellstad','Macao','1994-11-05 20:11:01','1999-11-15 01:16:42','2021-03-27 02:25:46'),(2,'F','1998-01-08','North Mateochester','Jersey','2000-07-07 15:11:53','1992-06-06 13:50:56','2021-03-27 02:25:46'),(3,'M','1970-12-27','Treutelberg','Egypt','1984-06-05 02:33:21','1986-04-14 11:47:59','2021-03-27 02:25:46'),(4,'F','1981-06-19','West Elza','Myanmar','1992-10-01 02:15:21','1982-09-09 03:12:08','2021-03-27 02:25:46'),(5,'F','1990-01-28','Marcview','Benin','2013-10-17 21:47:29','2000-03-21 19:04:21','2021-03-27 02:25:46'),(6,'F','1984-12-18','South Ibrahim','Kiribati','1996-05-29 21:40:05','2017-07-15 21:04:38','2021-03-27 02:25:46'),(7,'M','2020-05-09','Lake Elva','Libyan Arab Jamahiriya','1975-12-07 15:13:04','2008-03-21 09:49:36','2021-03-27 02:25:46'),(8,'M','1977-05-30','West Marisamouth','Bulgaria','1970-04-03 16:37:54','1991-12-05 20:31:27','2017-02-27 22:36:45'),(9,'M','2017-08-13','East Mackfurt','Nicaragua','2000-10-17 09:15:32','1999-12-18 20:38:22','1996-04-20 22:58:03'),(10,'M','2011-07-19','North Audie','Taiwan','1983-05-05 06:46:36','2018-11-17 21:34:03','1993-12-02 02:26:23'),(11,'M','2014-06-11','Koeppport','Saint Kitts and Nevis','2016-11-07 06:49:45','1995-03-12 13:56:29','2021-03-27 02:25:46'),(12,'M','2005-02-05','Daishaview','Gabon','2017-11-14 08:19:43','1983-04-10 00:44:19','2021-03-27 02:25:46'),(13,'M','2003-03-11','Kovacekshire','Maldives','1977-07-28 09:01:37','1988-04-30 14:25:35','2021-03-27 02:25:46'),(14,'F','1975-02-16','Aubreeburgh','Latvia','2015-12-31 14:11:07','1982-11-20 11:37:54','2021-03-27 02:25:46'),(15,'F','1998-02-06','East Rodside','Russian Federation','1997-03-03 05:31:05','2005-02-01 05:32:47','2021-03-27 02:25:46'),(16,'F','1997-11-23','Shaniebury','Belarus','1993-04-12 00:55:32','1970-11-15 12:42:09','2021-03-27 02:25:46'),(17,'M','2018-10-09','North Dillon','France','2002-11-11 20:54:13','2003-10-06 16:55:14','2021-03-27 02:25:46'),(18,'F','1983-02-16','Cummerataport','Mexico','2011-01-25 01:03:33','1975-11-03 20:23:43','2021-03-27 02:25:46'),(19,'M','1998-08-13','East Minniebury','Syrian Arab Republic','1975-10-21 00:58:12','1989-04-06 01:33:04','1992-07-10 04:24:56'),(20,'M','1972-11-02','Ellisland','Falkland Islands (Malvinas)','1978-11-01 07:24:36','1995-01-22 13:31:22','2021-03-27 02:25:46'),(21,'M','1987-01-31','Wisozkside','United States Minor Outlying Islands','2007-03-18 13:10:26','2009-12-26 19:07:45','2019-08-26 16:03:05'),(22,'M','1989-07-29','New Arvelborough','Denmark','2012-03-26 18:34:55','1970-08-16 20:34:21','2002-10-02 09:23:16'),(23,'F','1987-07-16','Beierton','Libyan Arab Jamahiriya','1996-04-01 21:44:26','1996-10-26 05:51:00','2021-03-27 02:25:46'),(24,'F','2016-10-15','East Henryview','Togo','1974-09-23 19:33:16','2019-11-12 21:58:42','2021-03-27 02:25:46'),(25,'M','1997-05-21','Port Hertha','United Arab Emirates','1983-11-04 12:08:06','2000-09-23 22:20:14','2021-03-27 02:25:46'),(26,'M','2007-03-03','East Jacinto','Antigua and Barbuda','1971-11-11 22:00:16','1977-02-17 01:14:13','2021-03-27 02:25:46'),(27,'F','1988-06-06','North Andreanneville','Saint Martin','2020-09-03 02:34:27','2014-08-13 02:20:38','2021-03-27 02:25:46'),(28,'M','1989-06-29','East Scottie','Gabon','1982-05-10 09:28:23','1986-01-10 15:53:45','2021-03-27 02:25:46'),(29,'F','2003-05-05','Port Kassandra','Djibouti','1996-04-25 03:29:23','2003-04-17 03:57:50','2021-03-27 02:25:46'),(30,'F','1991-01-04','Alberthashire','Senegal','1987-03-26 07:54:53','1977-04-26 18:28:35','2021-03-27 02:25:46'),(31,'F','2009-11-23','Lake Jimmie','Cocos (Keeling) Islands','2019-10-29 00:09:40','1999-10-31 03:16:50','2021-03-27 02:25:46'),(32,'M','2018-04-29','Willymouth','Tokelau','1970-07-25 22:54:24','1973-03-02 09:22:27','2021-03-27 02:25:46'),(33,'F','1971-09-21','East Lavern','Serbia','1976-07-22 14:44:49','2008-08-04 12:24:19','2021-03-27 02:25:46'),(34,'F','1973-11-23','Fayberg','Tonga','1985-02-21 02:27:29','1978-10-02 00:03:57','2021-03-27 02:25:46'),(35,'F','2019-05-07','Tobinmouth','Tuvalu','2003-02-22 07:44:21','2015-07-09 06:46:08','2021-03-27 02:25:46'),(36,'M','2004-07-28','Port Alexie','Cyprus','1980-02-29 03:23:06','1970-10-01 06:24:27','2002-03-15 15:21:41'),(37,'M','1981-07-01','Port Cale','Botswana','2003-09-26 10:20:51','1984-02-24 02:57:04','2021-03-27 02:25:46'),(38,'M','1970-10-17','East Seamusshire','Somalia','2006-12-27 05:09:36','2005-05-27 15:57:24','2011-03-20 22:45:37'),(39,'F','1982-09-30','West Rooseveltland','Norfolk Island','2009-02-28 07:37:21','1978-07-19 01:46:57','2021-03-27 02:25:46'),(40,'F','2013-09-08','New Helgabury','United Arab Emirates','2000-07-18 08:04:02','2008-11-24 02:31:37','2021-03-27 02:25:46'),(41,'M','2003-08-27','Russelbury','Venezuela','2017-04-24 07:01:30','1978-10-19 22:33:24','2000-06-04 03:06:13'),(42,'F','2005-07-01','East Concepcion','Kuwait','1995-11-28 20:52:34','1986-08-28 07:51:29','2021-03-27 02:25:46'),(43,'M','1974-06-21','South Myrl','Palestinian Territory','2002-10-25 11:51:19','2001-07-08 21:07:23','2021-03-27 02:25:46'),(44,'F','2020-01-18','Lake Christinahaven','Suriname','2007-02-10 08:54:02','1996-04-21 13:52:05','2021-03-27 02:25:46'),(45,'M','1996-05-16','South Denisshire','Suriname','1974-02-25 11:55:57','2004-03-18 15:55:35','1981-01-13 04:30:26'),(46,'M','1981-10-01','Kittyton','Israel','2006-03-24 03:49:10','1987-05-13 08:37:17','2021-03-27 02:25:46'),(47,'F','2010-10-21','Brentbury','Niger','2007-08-10 23:29:55','2017-03-13 15:14:25','2021-03-27 02:25:46'),(48,'F','2003-01-18','Oceaneview','Trinidad and Tobago','1978-05-05 11:06:52','2013-02-23 14:46:03','2021-03-27 02:25:46'),(49,'F','1975-04-22','West Adolphus','Saint Lucia','1984-04-08 09:01:49','1983-07-11 16:44:05','2021-03-27 02:25:46'),(50,'M','2018-08-22','West Brycehaven','Antarctica (the territory South of 60 deg S)','2016-03-10 05:54:55','2013-01-14 17:09:34','1983-07-23 05:00:23'),(51,'F','1976-03-08','Port Kaley','Italy','2007-07-06 13:32:22','1999-04-07 20:05:49','2021-03-27 02:25:46'),(52,'M','2008-11-27','North Michaela','Aruba','2014-01-23 00:03:01','1976-07-20 09:31:17','1994-02-05 02:00:39'),(53,'M','1973-05-21','Toyfurt','Andorra','1997-01-06 15:16:22','1990-11-17 18:12:30','1997-11-16 02:23:48'),(54,'F','1988-07-08','New Kelvin','Denmark','2007-05-28 22:14:57','2014-02-10 21:43:40','2021-03-27 02:25:46'),(55,'F','1983-01-07','Lake Ashton','Pitcairn Islands','1987-05-18 16:04:26','1984-02-24 17:20:44','2021-03-27 02:25:46'),(56,'M','1976-11-11','Langoshside','Tokelau','1982-09-26 03:36:06','2015-12-26 12:15:41','2010-07-17 17:30:03'),(57,'F','1976-04-21','West Elza','Micronesia','1987-09-19 04:29:03','2007-11-10 12:52:07','2021-03-27 02:25:46'),(58,'M','1982-06-30','Eldredborough','Equatorial Guinea','1990-11-22 04:17:56','2012-03-11 16:28:37','2002-04-21 01:38:08'),(59,'M','1994-03-17','New Noelmouth','Sao Tome and Principe','1986-07-02 08:03:32','2001-01-14 14:53:23','1978-06-14 01:37:25'),(60,'M','2004-11-29','West Jeanfurt','Faroe Islands','1980-05-02 23:40:50','1990-05-19 13:01:38','2002-06-19 18:39:57'),(61,'F','2009-01-26','Jaquanport','Belgium','2008-01-22 21:07:04','2002-05-14 14:37:10','2021-03-27 02:25:46'),(62,'F','1991-07-11','Runolfsdottirmouth','Russian Federation','2020-02-23 11:55:23','1997-10-21 07:32:11','2021-03-27 02:25:46'),(63,'M','2004-07-20','Lake Garfieldfurt','Suriname','2014-11-28 00:29:12','2018-05-18 23:05:55','1981-11-13 00:54:48'),(64,'M','2011-05-07','Amaliatown','El Salvador','1978-04-15 02:52:04','1999-03-22 04:36:38','2021-03-27 02:25:46'),(65,'M','2003-08-15','Port Macy','Indonesia','1999-05-12 16:54:37','2020-09-19 04:05:16','2021-03-27 02:25:46'),(66,'F','1989-11-07','Berylstad','Bouvet Island (Bouvetoya)','2001-03-10 23:33:04','1989-12-08 09:39:06','2021-03-27 02:25:46'),(67,'M','2000-09-18','Lake Fredrick','Suriname','2011-07-10 06:27:40','2019-10-14 05:56:52','2006-05-31 04:48:39'),(68,'M','2015-09-03','East Noemi','Niue','1972-12-07 13:11:07','2007-10-21 21:57:52','2020-11-01 18:36:50'),(69,'F','2018-12-23','West Opalhaven','Senegal','1987-09-13 15:44:38','2014-02-23 14:57:44','2021-03-27 02:25:46'),(70,'M','1973-11-04','Clareton','Marshall Islands','1977-11-11 19:11:12','2020-09-21 12:32:58','2021-03-27 02:25:46'),(71,'M','2010-01-09','North Nannie','Mexico','2000-03-13 10:00:14','2009-02-18 11:10:03','1970-05-13 03:07:28'),(72,'M','1985-03-06','Collierville','Mali','2009-10-01 21:10:36','1977-12-09 10:07:08','2021-03-27 02:25:46'),(73,'M','1970-02-19','Bertrambury','French Southern Territories','1986-07-04 03:14:31','2005-06-14 17:01:01','2007-10-14 21:31:13'),(74,'M','1987-11-02','Beerhaven','Western Sahara','2019-08-07 07:48:32','2005-05-19 16:53:38','1977-08-09 08:14:46'),(75,'F','1993-08-08','O\'Connerland','Cote d\'Ivoire','1986-11-14 23:03:16','2008-03-27 16:22:35','2021-03-27 02:25:46'),(76,'F','1977-09-28','Terryburgh','Brunei Darussalam','1973-03-12 00:25:08','1970-11-11 10:29:41','2021-03-27 02:25:46'),(77,'F','1972-08-25','Port Mabelleshire','New Caledonia','1982-09-28 01:19:33','1981-04-27 13:23:57','2021-03-27 02:25:46'),(78,'F','1970-12-16','Thompsonmouth','Guinea','1989-03-21 19:33:59','1975-10-21 17:03:10','2021-03-27 02:25:46'),(79,'M','1979-09-20','Queenieville','Nepal','1971-09-07 09:44:55','1979-05-18 07:15:08','2005-01-27 09:20:04'),(80,'M','1989-04-08','Port Coltentown','Cambodia','2021-03-06 10:39:23','1988-09-20 23:45:15','1999-07-23 07:29:32'),(81,'F','2018-02-20','West Nikko','American Samoa','1978-04-25 13:33:07','1976-09-19 12:27:17','2021-03-27 02:25:46'),(82,'F','2017-07-08','Eliseoton','British Indian Ocean Territory (Chagos Archipelago)','1975-09-23 09:01:40','1979-10-16 21:38:08','2021-03-27 02:25:46'),(83,'M','1980-07-07','South Roryville','Venezuela','1989-08-16 12:58:30','2010-05-21 05:45:46','2021-03-27 02:25:46'),(84,'F','1991-09-25','Elodyland','Norway','2013-03-08 09:48:04','2010-07-15 23:57:14','2021-03-27 02:25:46'),(85,'F','1973-06-19','West Tod','Kenya','2006-06-10 10:54:56','2019-12-14 12:56:16','2021-03-27 02:25:46'),(86,'F','2007-12-11','North Christelle','French Southern Territories','1995-12-06 17:41:17','1995-09-16 21:43:31','2021-03-27 02:25:46'),(87,'M','1998-05-15','Port Josianeburgh','Bhutan','1986-03-13 20:03:14','1975-08-29 01:05:22','1981-11-29 05:38:51'),(88,'F','1980-09-23','Hamillfort','Georgia','1988-07-02 20:29:52','1985-09-06 23:28:18','2021-03-27 02:25:46'),(89,'F','1989-04-09','Cronastad','Bosnia and Herzegovina','2011-02-01 07:39:48','2015-10-30 16:36:58','2021-03-27 02:25:46'),(90,'F','2018-12-27','Elnorabury','Guinea','2005-09-25 05:25:17','1975-04-15 00:37:15','2021-03-27 02:25:46'),(91,'M','1979-07-09','South Antonettahaven','British Virgin Islands','1983-09-01 07:22:20','1990-12-27 13:02:05','2013-05-14 12:27:13'),(92,'F','1990-03-11','Gregoriaton','Taiwan','2016-05-06 14:24:19','2014-04-01 06:08:52','2021-03-27 02:25:46'),(93,'M','1984-05-15','Lake Macey','Comoros','2003-01-30 15:13:25','1984-05-03 23:58:47','2006-10-28 18:31:36'),(94,'F','2002-08-21','South Summerchester','Mexico','1980-04-29 22:52:29','1988-05-20 01:14:58','2021-03-27 02:25:46'),(95,'F','1996-03-25','Leannonchester','Burkina Faso','1999-01-11 18:01:33','1997-10-13 08:41:45','2021-03-27 02:25:46'),(96,'F','2004-07-17','Steuberhaven','Malaysia','1995-01-03 12:08:32','1977-04-25 02:33:30','2021-03-27 02:25:46'),(97,'F','1984-10-07','Jastmouth','Mexico','1971-07-04 17:05:08','2007-04-24 16:25:38','2021-03-27 02:25:46'),(98,'M','2008-06-01','Port Tabitha','Saint Lucia','2010-12-21 03:29:45','1996-05-27 23:59:09','2021-03-27 02:25:46'),(99,'F','1970-12-18','Danykamouth','Gabon','1970-12-19 16:17:34','1982-04-19 06:32:27','2021-03-27 02:25:46'),(100,'F','2011-11-05','West Marvinchester','Anguilla','1975-03-10 14:58:42','2017-06-13 20:15:22','2021-03-27 02:25:46');
/*!40000 ALTER TABLE `profiles` ENABLE KEYS */;
UNLOCK TABLES;

--
-- Table structure for table `users`
--

DROP TABLE IF EXISTS `users`;
/*!40101 SET @saved_cs_client     = @@character_set_client */;
/*!50503 SET character_set_client = utf8mb4 */;
CREATE TABLE `users` (
  `id` int unsigned NOT NULL AUTO_INCREMENT COMMENT 'Идентификатор строки',
  `first_name` varchar(100) CHARACTER SET utf8mb4 COLLATE utf8mb4_unicode_ci NOT NULL COMMENT 'Имя пользователя',
  `last_name` varchar(100) CHARACTER SET utf8mb4 COLLATE utf8mb4_unicode_ci NOT NULL COMMENT 'Фамилия пользователя',
  `email` varchar(100) CHARACTER SET utf8mb4 COLLATE utf8mb4_unicode_ci NOT NULL COMMENT 'Почта',
  `phone` varchar(100) CHARACTER SET utf8mb4 COLLATE utf8mb4_unicode_ci NOT NULL COMMENT 'Телефон',
  `created_at` datetime DEFAULT CURRENT_TIMESTAMP COMMENT 'Время создания строки',
  `updated_at` datetime DEFAULT CURRENT_TIMESTAMP ON UPDATE CURRENT_TIMESTAMP COMMENT 'Время обновления строки',
  PRIMARY KEY (`id`),
  UNIQUE KEY `email` (`email`),
  UNIQUE KEY `phone` (`phone`)
) ENGINE=InnoDB AUTO_INCREMENT=101 DEFAULT CHARSET=utf8mb4 COLLATE=utf8mb4_unicode_ci COMMENT='Пользователи';
/*!40101 SET character_set_client = @saved_cs_client */;

--
-- Dumping data for table `users`
--

LOCK TABLES `users` WRITE;
/*!40000 ALTER TABLE `users` DISABLE KEYS */;
INSERT INTO `users` VALUES (1,'Deja','Bogan','chesley.jones@example.org','994-046-4863x0831','2013-04-25 06:07:16','2021-03-27 02:25:46'),(2,'Zelda','O\'Kon','stefan19@example.org','08004758365','1971-06-24 17:54:22','1984-01-04 18:17:14'),(3,'Jorge','Eichmann','perry.stoltenberg@example.org','+86(7)1629827132','1978-04-24 14:32:38','2000-09-20 16:10:00'),(4,'Milan','Stamm','walter.brooke@example.com','497.317.6502x7390','1994-08-16 12:12:51','1997-12-29 03:20:39'),(5,'Brenden','Johnston','verdie76@example.org','(299)901-6978','2006-06-12 21:53:29','2021-03-27 02:25:46'),(6,'Jacquelyn','Beatty','monserrate.fay@example.com','1-801-741-6437x97150','1989-02-06 17:48:06','2011-06-28 17:21:52'),(7,'Deanna','Hayes','javier.labadie@example.net','+55(2)7197159667','1999-02-16 05:57:48','2021-03-27 02:25:46'),(8,'Danika','Cassin','yhilpert@example.net','840-732-1213','2003-12-04 10:42:36','2012-04-24 14:10:16'),(9,'Humberto','Greenfelder','tevin60@example.org','177.438.7602x5925','1979-08-12 23:29:53','2021-03-27 02:25:46'),(10,'Loma','Thiel','jast.percy@example.org','1-285-202-8104x500','2011-05-25 01:41:41','2021-03-27 02:25:46'),(11,'Gisselle','Torp','littel.alberto@example.net','302.225.7604x0562','1996-03-04 02:30:07','2021-03-27 02:25:46'),(12,'Laila','Stark','rstamm@example.com','07286869401','1993-07-01 19:59:22','2015-04-19 13:54:12'),(13,'Clement','Howell','hwitting@example.net','546-412-3710','1998-10-07 19:46:06','1999-01-02 16:48:20'),(14,'Buddy','Lowe','pkautzer@example.net','01743826625','1997-04-30 16:32:15','2009-12-12 16:28:39'),(15,'Mckenzie','Grady','kunze.daniela@example.net','370.262.3958x953','2004-09-27 15:15:55','2015-07-06 13:01:02'),(16,'Colton','Kunze','noemie.o\'connell@example.com','07258486932','1990-05-12 22:29:10','2020-11-25 09:08:45'),(17,'Samir','Gutmann','norwood43@example.net','155-055-2609x047','1993-08-01 17:03:49','2004-01-10 16:45:16'),(18,'Addie','Koss','lilly.grady@example.net','+70(3)6698985894','1974-06-29 23:23:23','2013-07-06 04:31:02'),(19,'Clemmie','Rutherford','kelsie81@example.com','502-964-8534x703','1993-10-12 08:55:03','2021-03-27 02:25:46'),(20,'Kenyatta','Jerde','griffin19@example.org','+94(9)0734920644','1970-11-23 16:38:39','1996-11-20 14:59:24'),(21,'Stacey','Leuschke','cnitzsche@example.org','423-789-9242','2006-11-02 06:32:41','2021-03-27 02:25:46'),(22,'Vanessa','Hickle','myrtle.spinka@example.com','133-606-5138x47109','2019-09-27 06:13:59','2021-03-27 02:25:46'),(23,'Percy','Gutkowski','zulauf.ivah@example.org','+05(8)9504356815','1990-08-27 10:41:25','2021-03-27 02:25:46'),(24,'Flavie','Hamill','littel.nolan@example.net','404-795-4553','1997-04-15 19:25:21','2021-03-27 02:25:46'),(25,'Yasmine','Gottlieb','breichel@example.com','(483)418-3635x811','1990-08-14 03:44:10','1995-10-23 21:50:30'),(26,'Dianna','Ankunding','petra.satterfield@example.net','(473)606-3722x1669','1995-12-16 03:16:00','1999-05-08 10:40:59'),(27,'Carrie','Cole','gislason.cristina@example.com','440.692.5715','1974-04-02 23:52:12','2006-06-05 22:28:36'),(28,'Genoveva','Harvey','zaria66@example.net','07186734552','2010-09-08 14:03:34','2021-03-27 02:25:46'),(29,'Henriette','Bernier','xconsidine@example.org','1-793-402-9201','1974-12-26 01:38:23','1980-01-15 11:19:46'),(30,'Brycen','Swaniawski','kuhic.valentine@example.com','(999)277-2362','1977-09-05 01:43:28','2021-03-27 02:25:46'),(31,'Dale','Emmerich','devin.collier@example.net','1-441-755-4741x1510','2010-02-04 04:09:58','2021-03-27 02:25:46'),(32,'Pierre','Yundt','vblick@example.org','(729)549-4433x4967','1975-05-26 19:22:32','1990-08-25 09:33:07'),(33,'Krystel','Price','cara.gutkowski@example.org','1-458-891-8306','1977-11-20 21:34:34','1997-05-13 12:27:31'),(34,'Alta','Altenwerth','gunner84@example.org','(884)743-3521x90353','1980-06-07 11:08:40','1990-08-14 16:23:28'),(35,'Tanner','Wunsch','schaefer.marguerite@example.net','(546)314-3343x794','1978-09-08 02:36:55','1989-06-08 12:56:53'),(36,'Jordyn','Koepp','ana.hegmann@example.com','1-518-723-5233x9438','1991-11-30 20:37:55','2003-06-22 12:00:13'),(37,'Princess','Cremin','dach.lilian@example.com','1-152-757-6884x355','2005-10-25 14:41:21','2012-06-02 10:35:04'),(38,'Kathleen','Fahey','areilly@example.net','07618363522','2007-09-17 08:51:55','2021-03-27 02:25:46'),(39,'Ashton','Huels','jermaine.treutel@example.net','968-997-9198','1981-05-07 07:40:47','2021-01-19 21:54:29'),(40,'Sandra','Blanda','donavon32@example.net','1-932-457-0989','2016-02-04 04:19:44','2021-03-27 02:25:46'),(41,'Kade','Pfeffer','amacejkovic@example.com','(310)183-8933x51720','2007-10-21 07:04:53','2021-03-27 02:25:46'),(42,'Wilbert','Walter','schimmel.enid@example.org','735-673-7174x9721','1978-08-28 12:43:41','1987-03-21 20:33:53'),(43,'Myrtis','Crooks','audie16@example.com','421-459-7351','2014-02-14 03:51:03','2021-03-27 02:25:46'),(44,'Rudy','Breitenberg','marquardt.quinn@example.net','508.254.4794','1998-11-08 11:37:28','2021-03-27 02:25:46'),(45,'Annie','Rempel','gerhold.thaddeus@example.net','(253)808-4793','1999-10-10 05:41:08','2016-06-19 17:03:30'),(46,'Grover','Boyer','roxanne.bayer@example.org','684.362.7298','2004-06-17 15:11:00','2021-03-27 02:25:46'),(47,'Clemmie','Dicki','angus32@example.com','494-088-4638','2016-02-05 02:35:16','2021-03-27 02:25:46'),(48,'Angel','Quitzon','adan.shields@example.org','+67(5)7304733472','1996-04-25 06:47:09','2005-10-22 23:10:19'),(49,'Corbin','Mayer','lavinia06@example.net','+85(3)3537189526','1980-10-11 08:54:25','2014-04-20 19:25:40'),(50,'Emma','Gaylord','kyleigh37@example.org','276.358.2812x65170','1992-12-27 00:11:08','2002-10-12 19:44:15'),(51,'Korbin','Gaylord','hleffler@example.com','+48(9)8930468872','2006-02-20 12:49:28','2021-03-27 02:25:46'),(52,'Bridie','Grimes','howell.darwin@example.com','+31(6)3937861390','2000-07-27 22:38:13','2021-03-27 02:25:46'),(53,'Rod','Von','qrowe@example.com','082-338-0651x5361','1976-01-23 13:04:52','2014-12-24 08:22:38'),(54,'Joy','Langworth','rmosciski@example.com','(578)222-2044x07597','1981-07-25 15:07:57','1985-04-20 07:38:51'),(55,'Coy','Leffler','arvilla01@example.org','1-613-100-5235','1971-04-14 10:51:56','1991-10-14 23:08:50'),(56,'Doyle','Spinka','imogene.dickinson@example.org','(403)371-6010x2069','1984-05-02 12:59:15','2021-03-27 02:25:46'),(57,'Jazmin','Pouros','emckenzie@example.com','(935)856-7662','1988-05-23 09:18:44','2009-05-28 06:03:54'),(58,'Kailey','Kunze','dwest@example.org','(994)625-7239x35982','1984-09-08 02:32:44','2016-01-06 15:43:11'),(59,'Travis','Morissette','angelina.mertz@example.net','1-988-611-9966x8187','2006-06-13 21:34:19','2021-03-27 02:25:46'),(60,'Hank','Goyette','ona72@example.org','+13(0)5107735191','1982-05-11 10:55:11','2017-08-25 14:46:41'),(61,'Gay','Dicki','mschoen@example.org','112-515-6901x7107','1998-08-15 06:59:47','2010-05-27 09:29:30'),(62,'Pascale','Beatty','muller.heidi@example.net','093-485-8063x1011','2009-05-29 05:18:25','2021-03-27 02:25:46'),(63,'Filomena','Aufderhar','howe.emmanuel@example.net','+92(1)8031948623','2004-11-21 11:48:40','2019-11-27 03:40:33'),(64,'Toni','Huel','janiya.langosh@example.com','1-164-720-1241','1982-11-17 04:55:58','2021-03-27 02:25:46'),(65,'Kamryn','Monahan','kenya.dickens@example.org','1-838-391-4763','1983-01-17 20:10:42','2019-08-11 03:13:17'),(66,'Tobin','Swaniawski','kozey.effie@example.com','1-425-896-1996x20244','2017-10-13 08:47:14','2021-03-27 02:25:46'),(67,'Alvena','Connelly','antoinette68@example.com','015-127-9651x10887','2017-02-23 08:48:41','2021-03-27 02:25:46'),(68,'Tyrese','Pacocha','daniela.schaden@example.net','155.155.6999x7729','2011-02-15 07:27:50','2021-03-27 02:25:46'),(69,'Lysanne','Cole','tomas.gulgowski@example.com','(014)097-8902','1998-10-07 08:01:17','2021-03-27 02:25:46'),(70,'Rigoberto','Hermann','jerrell23@example.com','378.507.2458x45638','2008-10-24 05:46:16','2021-03-27 02:25:46'),(71,'Madisen','Sporer','jamaal.waters@example.com','(156)193-5033','1980-12-24 20:38:07','2021-03-27 02:25:46'),(72,'Josue','Hermann','kmitchell@example.com','292-362-5330','1980-08-21 18:47:56','1988-10-04 09:43:39'),(73,'Rosie','Feil','fiona99@example.org','417.619.5991','2017-12-20 07:32:47','2021-03-27 02:25:46'),(74,'Luciano','Hermiston','dariana.runte@example.org','620-966-0728x390','2000-06-02 16:06:50','2021-03-27 02:25:46'),(75,'Gerardo','Brown','rebeca.bechtelar@example.net','(012)926-5487','1976-09-24 17:12:28','1987-02-09 07:08:56'),(76,'Janae','Tromp','antonio.shields@example.net','1-222-365-7374','2001-12-16 19:41:10','2017-07-29 16:22:36'),(77,'Carter','Kuhic','walter.nia@example.org','1-337-065-0364x284','1991-02-17 12:29:42','1997-04-10 10:30:01'),(78,'Gertrude','Bradtke','lilliana.paucek@example.org','834-630-8254x71024','1972-06-14 19:15:50','2002-06-15 22:09:25'),(79,'Genevieve','Russel','matilde55@example.net','760-544-1570x748','1990-01-29 18:24:31','2018-02-13 04:06:58'),(80,'Dameon','Mann','barry83@example.org','1-926-830-1477','2010-12-11 17:50:42','2021-03-27 02:25:46'),(81,'Joany','Kertzmann','wmann@example.org','(547)094-3596','2005-06-17 07:16:21','2021-03-27 02:25:46'),(82,'Ettie','Gaylord','armani81@example.com','1-880-448-3398x0240','2014-01-16 20:57:54','2021-03-27 02:25:46'),(83,'Ewald','Streich','ada80@example.org','(529)784-3599x53607','2005-11-19 23:12:57','2021-03-27 02:25:46'),(84,'Scottie','Nitzsche','beau33@example.net','348-304-0502x098','2016-08-08 10:45:14','2021-03-27 02:25:46'),(85,'Frederique','Hermann','qdaugherty@example.org','(625)828-8137','1993-02-28 19:48:23','2021-03-27 02:25:46'),(86,'Esteban','Jacobi','april97@example.com','1-150-767-2311x713','1976-03-05 00:36:07','1979-07-28 23:22:42'),(87,'Jovan','Fritsch','anastacio.conn@example.net','(548)832-8387x2725','1999-10-16 17:09:18','2005-09-01 19:48:26'),(88,'Pietro','Purdy','lucienne.mayer@example.com','(970)453-6490','1985-06-12 23:44:27','2021-03-27 02:25:46'),(89,'Katelyn','Pacocha','flubowitz@example.org','1-986-999-9908x3787','1974-11-17 05:23:25','1987-01-06 17:38:16'),(90,'Samson','Morar','bechtelar.cody@example.com','599.590.6721','1996-09-16 13:35:22','2021-03-27 02:25:46'),(91,'Cara','Terry','anne.ferry@example.net','+81(0)3495895302','1996-11-05 06:05:43','1997-05-01 08:46:13'),(92,'Cyril','Orn','akeem.dooley@example.net','1-584-280-7004','2001-07-01 14:05:30','2007-04-24 08:12:34'),(93,'Zane','Christiansen','goldner.amira@example.net','902-040-9459x1834','2018-10-11 06:01:24','2021-03-27 02:25:46'),(94,'Hayley','Schroeder','bergstrom.odessa@example.org','975.518.2746','2006-04-03 14:36:45','2021-03-27 02:25:46'),(95,'Adonis','Trantow','myrl04@example.com','822.748.5905x8615','2020-11-18 03:11:29','2021-03-27 02:25:46'),(96,'Eladio','Hoeger','ledner.josiane@example.net','1-875-418-9865x74276','1998-07-05 16:56:31','2021-03-27 02:25:46'),(97,'Harry','Franecki','billy55@example.org','542-311-7206','2020-10-14 12:21:35','2021-03-27 02:25:46'),(98,'Harmony','Heaney','kaelyn83@example.org','778.703.3374x13990','1976-07-19 10:30:33','2004-09-01 05:52:58'),(99,'Tito','McClure','neha.kihn@example.net','453-614-6313x48789','2016-01-15 02:01:08','2016-05-27 06:32:06'),(100,'Norris','Stark','pcorkery@example.com','1-018-715-8173','1986-08-30 19:01:35','1987-01-13 11:05:44');
/*!40000 ALTER TABLE `users` ENABLE KEYS */;
UNLOCK TABLES;
/*!40103 SET TIME_ZONE=@OLD_TIME_ZONE */;

/*!40101 SET SQL_MODE=@OLD_SQL_MODE */;
/*!40014 SET FOREIGN_KEY_CHECKS=@OLD_FOREIGN_KEY_CHECKS */;
/*!40014 SET UNIQUE_CHECKS=@OLD_UNIQUE_CHECKS */;
/*!40101 SET CHARACTER_SET_CLIENT=@OLD_CHARACTER_SET_CLIENT */;
/*!40101 SET CHARACTER_SET_RESULTS=@OLD_CHARACTER_SET_RESULTS */;
/*!40101 SET COLLATION_CONNECTION=@OLD_COLLATION_CONNECTION */;
/*!40111 SET SQL_NOTES=@OLD_SQL_NOTES */;

-- Dump completed on 2021-03-27  2:29:59
